element,fixture,opponent_team,total_points,was_home,kickoff_time,team_h_score,team_a_score,round,minutes,goals_scored,assists,clean_sheets,goals_conceded,own_goals,penalties_saved,penalties_missed,yellow_cards,red_cards,saves,bonus,bps,influence,creativity,threat,ict_index,value,transfers_balance,selected,transfers_in,transfers_out,team,web_name,element_type
1,31,9,0,True,2022-08-27T16:30:00Z,2,1,4,0,0,0,0,0,0,0,0,0,0,0,0,0,0.0,0.0,0.0,0.0,43,-2988,18825,577,3565,1,Cédric,2
2,31,1,3,False,2022-08-27T16:30:00Z,2,1,4,90,0,0,0,2,0,0,0,0,0,6,0,22,46.8,0.0,0.0,4.7,45,-5667,120315,2998,8665,9,Leno,1
3,31,9,2,True,2022-08-27T16:30:00Z,2,1,4,90,0,0,0,1,0,0,0,0,0,0,0,9,8.2,25.0,12.0,4.5,50,42760,267951,77459,34699,1,Xhaka,3
4,31,9,2,True,2022-08-27T16:30:00Z,2,1,4,90,0,0,0,1,0,0,0,0,0,0,0,15,4.2,3.8,0.0,0.8,44,-18950,115883,14683,33633,1,Elneny,3
5,31,9,1,True,2022-08-27T16:30:00Z,2,1,4,1,0,0,0,0,0,0,0,0,0,0,0,3,0.0,0.0,0.0,0.0,43,-1795,12198,363,2158,1,Holding,2
6,31,9,0,True,2022-08-27T16:30:00Z,2,1,4,0,0,0,0,0,0,0,0,0,0,0,0,0,0.0,0.0,0.0,0.0,50,-8910,54948,3409,12319,1,Partey,3
7,31,9,10,True,2022-08-27T16:30:00Z,2,1,4,90,1,0,0,1,0,0,0,0,0,0,3,37,58.2,44.2,36.0,13.8,65,243746,1372230,295915,52169,1,Ødegaard,3
8,31,9,2,True,2022-08-27T16:30:00Z,2,1,4,60,0,0,0,1,0,0,0,0,0,0,0,11,11.6,15.8,8.0,3.5,49,-14113,85062,2409,16522,1,Tierney,2
9,31,9,0,True,2022-08-27T16:30:00Z,2,1,4,0,0,0,0,0,0,0,0,0,0,0,0,0,0.0,0.0,0.0,0.0,53,-6427,22655,889,7316,1,Pépé,3
10,31,9,1,True,2022-08-27T16:30:00Z,2,1,4,90,0,0,0,1,0,0,0,1,0,0,0,10,11.8,3.8,4.0,2.0,45,-11093,534553,31566,42659,1,White,2
11,31,9,1,True,2022-08-27T16:30:00Z,2,1,4,29,0,0,0,0,0,0,0,0,0,0,0,4,7.2,0.7,61.0,6.9,67,-8641,41747,1525,10166,1,Nketiah,4
12,31,9,0,True,2022-08-27T16:30:00Z,2,1,4,0,0,0,0,0,0,0,0,0,0,0,0,0,0.0,0.0,0.0,0.0,58,-14768,77762,3256,18024,1,Smith Rowe,3
13,31,9,5,True,2022-08-27T16:30:00Z,2,1,4,90,0,1,0,1,0,0,0,0,0,0,0,19,28.0,25.4,45.0,9.8,79,-350292,1344008,28075,378367,1,Saka,3
14,31,9,1,True,2022-08-27T16:30:00Z,2,1,4,1,0,0,0,0,0,0,0,0,0,0,0,2,0.0,0.0,0.0,0.0,43,-16523,94780,3196,19719,1,Tomiyasu,2
15,31,9,2,True,2022-08-27T16:30:00Z,2,1,4,90,0,0,0,1,0,0,0,0,0,2,0,12,18.8,0.0,0.0,1.9,50,-12169,1422476,88190,100359,1,Ramsdale,1
16,31,9,9,True,2022-08-27T16:30:00Z,2,1,4,90,1,0,0,1,0,0,0,0,0,0,1,27,46.2,12.6,35.0,9.4,50,-20145,759675,41844,61989,1,Gabriel,2
17,31,9,0,True,2022-08-27T16:30:00Z,2,1,4,0,0,0,0,0,0,0,0,0,0,0,0,0,0.0,0.0,0.0,0.0,45,-181,1209,0,181,1,Tavares,2
18,31,9,0,True,2022-08-27T16:30:00Z,2,1,4,0,0,0,0,0,0,0,0,0,0,0,0,0,0.0,0.0,0.0,0.0,44,-2096,24708,3152,5248,1,Sambi,3
19,31,9,2,True,2022-08-27T16:30:00Z,2,1,4,90,0,0,0,1,0,0,0,0,0,0,0,20,25.8,59.0,101.0,18.6,64,243247,4084833,372203,128956,1,Martinelli,3
20,31,9,0,True,2022-08-27T16:30:00Z,2,1,4,0,0,0,0,0,0,0,0,0,0,0,0,0,0.0,0.0,0.0,0.0,45,-550,2639,0,550,1,Pablo Marí,2
21,31,9,0,True,2022-08-27T16:30:00Z,2,1,4,0,0,0,0,0,0,0,0,0,0,0,0,0,0.0,0.0,0.0,0.0,48,-778,4504,287,1065,1,Maitland-Niles,3
22,31,9,0,True,2022-08-27T16:30:00Z,2,1,4,0,0,0,0,0,0,0,0,0,0,0,0,0,0.0,0.0,0.0,0.0,45,-5145,18037,0,5145,1,Torreira,3
23,31,9,0,True,2022-08-27T16:30:00Z,2,1,4,0,0,0,0,0,0,0,0,0,0,0,0,0,0.0,0.0,0.0,0.0,49,-361,1801,19,380,1,Nelson,3
24,31,9,0,True,2022-08-27T16:30:00Z,2,1,4,0,0,0,0,0,0,0,0,0,0,0,0,0,0.0,0.0,0.0,0.0,39,-6448,69615,2566,9014,1,Turner,1
25,31,9,0,True,2022-08-27T16:30:00Z,2,1,4,0,0,0,0,0,0,0,0,0,0,0,0,0,0.0,0.0,0.0,0.0,58,-940,8261,343,1283,1,Fábio Vieira,3
26,31,9,7,True,2022-08-27T16:30:00Z,2,1,4,90,0,1,0,1,0,0,0,0,0,0,2,28,29.8,11.5,2.0,4.3,46,458557,1109607,508914,50357,1,Saliba,2
27,31,9,0,True,2022-08-27T16:30:00Z,2,1,4,0,0,0,0,0,0,0,0,0,0,0,0,0,0.0,0.0,0.0,0.0,48,-1113,7596,570,1683,1,Marquinhos,3
28,31,9,1,True,2022-08-27T16:30:00Z,2,1,4,88,0,0,0,1,0,0,0,1,0,0,0,0,8.2,27.6,79.0,11.5,82,237640,7962228,268237,30597,1,Jesus,4
29,32,19,3,True,2022-08-28T13:00:00Z,0,1,4,65,0,0,1,0,0,0,0,0,0,0,0,11,13.2,30.1,7.0,5.0,68,-136141,546055,10295,146436,2,Coutinho,3
30,32,19,2,True,2022-08-28T13:00:00Z,0,1,4,77,0,0,0,1,0,0,0,0,0,0,0,2,0.0,1.8,6.0,0.6,69,-35545,177396,10944,46489,2,Ings,4
31,32,19,2,True,2022-08-28T13:00:00Z,0,1,4,90,0,0,0,1,0,0,0,0,0,1,0,13,8.8,0.0,0.0,0.9,50,5587,524501,42458,36871,2,Martínez,1
32,32,19,2,True,2022-08-28T13:00:00Z,0,1,4,90,0,0,0,1,0,0,0,0,0,0,0,16,20.0,0.6,0.0,2.1,44,-2730,23895,645,3375,2,Chambers,2
33,32,19,2,True,2022-08-28T13:00:00Z,0,1,4,90,0,0,0,1,0,0,0,0,0,0,0,14,19.6,39.1,6.0,6.5,48,-57466,251926,6485,63951,2,Digne,2
34,32,19,0,True,2022-08-28T13:00:00Z,0,1,4,0,0,0,0,0,0,0,0,0,0,0,0,0,0.0,0.0,0.0,0.0,49,-5289,11995,214,5503,2,Traoré,3
35,32,19,0,True,2022-08-28T13:00:00Z,0,1,4,0,0,0,0,0,0,0,0,0,0,0,0,0,0.0,0.0,0.0,0.0,40,-4606,181585,4308,8914,2,Olsen,1
36,32,19,0,True,2022-08-28T13:00:00Z,0,1,4,0,0,0,0,0,0,0,0,0,0,0,0,0,0.0,0.0,0.0,0.0,45,-4055,30077,1710,5765,2,Sanson,3
37,32,19,2,True,2022-08-28T13:00:00Z,0,1,4,90,0,0,0,1,0,0,0,0,0,0,0,13,14.0,13.2,9.0,3.6,54,-29910,117721,1885,31795,2,McGinn,3
38,32,19,0,True,2022-08-28T13:00:00Z,0,1,4,0,0,0,0,0,0,0,0,0,0,0,0,0,0.0,0.0,0.0,0.0,44,-276,1809,18,294,2,Hause,2
39,32,19,0,True,2022-08-28T13:00:00Z,0,1,4,0,0,0,0,0,0,0,0,0,0,0,0,0,0.0,0.0,0.0,0.0,44,-56063,437220,8200,64263,2,Mings,2
40,32,19,2,True,2022-08-28T13:00:00Z,0,1,4,90,0,0,0,1,0,0,0,0,0,0,0,6,4.6,2.5,35.0,4.2,74,19227,395239,64190,44963,2,Watkins,4
41,32,19,0,True,2022-08-28T13:00:00Z,0,1,4,0,0,0,0,0,0,0,0,0,0,0,0,0,0.0,0.0,0.0,0.0,44,-2348,17472,941,3289,2,Nakamba,3
42,32,19,1,True,2022-08-28T13:00:00Z,0,1,4,24,0,0,0,1,0,0,0,0,0,0,0,6,6.6,15.3,0.0,2.2,60,-15623,56809,3475,19098,2,Buendía,3
43,32,19,1,True,2022-08-28T13:00:00Z,0,1,4,90,0,0,0,1,0,0,0,1,0,0,0,6,15.6,1.4,8.0,2.5,48,-157864,865546,16376,174240,2,Cash,2
44,32,19,2,True,2022-08-28T13:00:00Z,0,1,4,90,0,0,0,1,0,0,0,0,0,0,0,16,17.2,0.3,0.0,1.8,45,-2952,24663,996,3948,2,Konsa,2
45,32,19,1,True,2022-08-28T13:00:00Z,0,1,4,12,0,0,0,0,0,0,0,0,0,0,0,4,4.4,4.6,10.0,1.9,48,-177075,863231,29892,206967,2,Bailey,3
46,32,19,3,True,2022-08-28T13:00:00Z,0,1,4,65,0,0,1,0,0,0,0,0,0,0,0,11,2.4,2.3,0.0,0.5,48,-6949,35142,845,7794,2,Douglas Luiz,3
47,32,19,1,True,2022-08-28T13:00:00Z,0,1,4,24,0,0,0,1,0,0,0,0,0,0,0,4,6.4,11.8,9.0,2.7,53,-27037,114625,2052,29089,2,Ramsey,3
48,35,10,0,True,2022-08-27T14:00:00Z,2,1,4,0,0,0,0,0,0,0,0,0,0,0,0,0,0.0,0.0,0.0,0.0,44,2927,57609,14267,11340,6,Chukwuemeka,3
49,32,19,0,True,2022-08-28T13:00:00Z,0,1,4,0,0,0,0,0,0,0,0,0,0,0,0,0,0.0,0.0,0.0,0.0,45,-369,3551,164,533,2,Iroegbunam,3
50,32,19,0,True,2022-08-28T13:00:00Z,0,1,4,0,0,0,0,0,0,0,0,0,0,0,0,0,0.0,0.0,0.0,0.0,49,-14560,37579,101,14661,2,Diego Carlos,2
51,32,19,0,True,2022-08-28T13:00:00Z,0,1,4,0,0,0,0,0,0,0,0,0,0,0,0,0,0.0,0.0,0.0,0.0,48,-1753,8495,257,2010,2,El Ghazi,3
52,32,19,0,True,2022-08-28T13:00:00Z,0,1,4,0,0,0,0,0,0,0,0,0,0,0,0,0,0.0,0.0,0.0,0.0,54,-1490,6998,0,1490,2,Davis,4
53,32,19,1,True,2022-08-28T13:00:00Z,0,1,4,90,0,0,0,1,0,0,0,1,0,0,0,12,11.8,12.8,0.0,2.5,50,-2490,17163,1315,3805,2,Kamara,3
54,32,19,1,True,2022-08-28T13:00:00Z,0,1,4,1,0,0,0,0,0,0,0,0,0,0,0,3,0.2,0.2,0.0,0.0,45,-55495,614747,17032,72527,2,Archer,4
55,32,19,0,True,2022-08-28T13:00:00Z,0,1,4,0,0,0,0,0,0,0,0,0,0,0,0,0,0.0,0.0,0.0,0.0,45,-33,356,0,33,2,Philogene-Bidace,3
56,32,19,0,True,2022-08-28T13:00:00Z,0,1,4,0,0,0,0,0,0,0,0,0,0,0,0,0,0.0,0.0,0.0,0.0,40,-3656,88406,6008,9664,2,Guilbert,2
57,36,12,-2,False,2022-08-27T14:00:00Z,9,0,4,45,0,0,0,5,0,0,0,1,0,0,0,-1,5.4,0.1,0.0,0.6,44,-1574,14900,419,1993,3,Smith,2
58,36,12,0,False,2022-08-27T14:00:00Z,9,0,4,0,0,0,0,0,0,0,0,0,0,0,0,0,0.0,0.0,0.0,0.0,49,-2093,5341,103,2196,3,Stanislas,3
59,36,12,0,False,2022-08-27T14:00:00Z,9,0,4,0,0,0,0,0,0,0,0,0,0,0,0,0,0.0,0.0,0.0,0.0,44,-260,2189,99,359,3,Fredericks,2
60,36,12,0,False,2022-08-27T14:00:00Z,9,0,4,0,0,0,0,0,0,0,0,0,0,0,0,0,0.0,0.0,0.0,0.0,54,-385,1872,76,461,3,Brooks,3
61,36,12,0,False,2022-08-27T14:00:00Z,9,0,4,0,0,0,0,0,0,0,0,0,0,0,0,0,0.0,0.0,0.0,0.0,54,-734,3557,61,795,3,Lowe,3
62,36,12,2,False,2022-08-27T14:00:00Z,9,0,4,90,0,0,0,9,0,0,0,0,0,0,0,7,11.4,1.8,25.0,3.8,55,-1952,127591,22293,24245,3,Moore,4
63,36,12,1,False,2022-08-27T14:00:00Z,9,0,4,8,0,0,0,1,0,0,0,0,0,0,0,3,1.2,0.0,0.0,0.1,49,-198,1737,40,238,3,Marcondes,3
64,36,12,2,False,2022-08-27T14:00:00Z,9,0,4,90,0,0,0,9,0,0,0,0,0,0,0,8,4.0,0.3,6.0,1.0,50,-19906,88836,2878,22784,3,Lerma,3
65,36,12,0,False,2022-08-27T14:00:00Z,9,0,4,0,0,0,0,0,0,0,0,0,0,0,0,0,0.0,0.0,0.0,0.0,44,-392,4647,114,506,3,Stacey,2
66,36,12,1,False,2022-08-27T14:00:00Z,9,0,4,45,0,0,0,4,0,0,0,0,0,0,0,1,0.0,1.4,2.0,0.3,58,-16512,47145,382,16894,3,Solanke,4
67,36,12,2,False,2022-08-27T14:00:00Z,9,0,4,76,0,0,0,7,0,0,0,0,0,0,0,11,6.4,0.3,0.0,0.7,49,-509,5132,265,774,3,Cook,3
68,36,12,1,False,2022-08-27T14:00:00Z,9,0,4,4,0,0,0,1,0,0,0,0,0,0,0,3,0.0,0.0,0.0,0.0,45,-5840,52848,4428,10268,3,Pearson,3
69,36,12,1,False,2022-08-27T14:00:00Z,9,0,4,45,0,0,0,5,0,0,0,0,0,0,0,4,1.4,10.5,8.0,2.0,54,-829,5865,149,978,3,Christie,3
70,36,12,1,False,2022-08-27T14:00:00Z,9,0,4,45,0,0,0,4,0,0,0,0,0,0,0,4,6.8,1.0,0.0,0.8,54,-1954,10099,232,2186,3,Billing,3
71,36,12,-4,False,2022-08-27T14:00:00Z,9,0,4,81,0,0,0,8,1,0,0,0,0,0,0,4,3.4,0.2,0.0,0.4,45,-1054,10897,241,1295,3,Mepham,2
72,36,12,-1,False,2022-08-27T14:00:00Z,9,0,4,90,0,0,0,9,0,0,0,0,0,4,0,17,31.8,0.0,0.0,3.2,45,-3382,51477,1217,4599,3,Travers,1
73,36,12,0,False,2022-08-27T14:00:00Z,9,0,4,0,0,0,0,0,0,0,0,0,0,0,0,0,0.0,0.0,0.0,0.0,45,-14199,126992,4450,18649,3,Kelly,2
74,36,12,0,False,2022-08-27T14:00:00Z,9,0,4,0,0,0,0,0,0,0,0,0,0,0,0,0,0.0,0.0,0.0,0.0,49,-1146,8628,225,1371,3,Dembélé,3
75,36,12,2,False,2022-08-27T14:00:00Z,9,0,4,90,0,0,0,9,0,0,0,0,0,0,0,4,5.4,1.1,7.0,1.4,54,-802,6399,242,1044,3,Anthony,3
76,36,12,-2,False,2022-08-27T14:00:00Z,9,0,4,90,0,0,0,9,0,0,0,0,0,0,0,12,22.6,11.4,0.0,3.4,44,-135,14021,1825,1960,3,Zemura,2
77,36,12,0,False,2022-08-27T14:00:00Z,9,0,4,0,0,0,0,0,0,0,0,0,0,0,0,0,0.0,0.0,0.0,0.0,40,-1943,60488,1503,3446,3,Dennis,1
78,33,8,0,True,2022-08-27T14:00:00Z,1,1,4,0,0,0,0,0,0,0,0,0,0,0,0,0,0.0,0.0,0.0,0.0,45,-10521,180714,7578,18099,4,Jansson,2
79,33,8,2,True,2022-08-27T14:00:00Z,1,1,4,68,0,0,0,1,0,0,0,0,0,0,0,13,18.0,12.3,49.0,7.9,55,8224,39922,12550,4326,4,Nørgaard,3
80,33,8,2,True,2022-08-27T14:00:00Z,1,1,4,90,0,0,0,1,0,0,0,0,0,0,0,-1,0.0,16.6,11.0,2.8,72,555597,1915935,633498,77901,4,Toney,4
81,33,8,6,True,2022-08-27T14:00:00Z,1,1,4,90,0,0,0,1,0,0,0,0,0,6,2,25,41.0,0.0,0.0,4.1,45,21445,611992,64060,42615,4,Raya,1
82,33,8,0,True,2022-08-27T14:00:00Z,1,1,4,0,0,0,0,0,0,0,0,0,0,0,0,0,0.0,0.0,0.0,0.0,50,-133,1170,129,262,4,Canós,2
83,33,8,2,True,2022-08-27T14:00:00Z,1,1,4,90,0,0,0,1,0,0,0,0,0,0,0,8,15.2,22.2,21.0,5.8,46,-12723,1068151,152562,165285,4,Dasilva,3
84,33,8,0,True,2022-08-27T14:00:00Z,1,1,4,0,0,0,0,0,0,0,0,0,0,0,0,0,0.0,0.0,0.0,0.0,45,-194,2023,66,260,4,Ajer,2
85,33,8,2,True,2022-08-27T14:00:00Z,1,1,4,90,0,0,0,1,0,0,0,0,0,0,0,11,16.6,27.1,4.0,4.8,45,4389,135632,24459,20070,4,Henry,2
86,33,8,6,True,2022-08-27T14:00:00Z,1,1,4,21,1,0,0,0,0,0,0,0,0,0,0,19,35.0,2.2,60.0,9.7,55,-767,5874,288,1055,4,Janelt,3
87,33,8,0,True,2022-08-27T14:00:00Z,1,1,4,0,0,0,0,0,0,0,0,0,0,0,0,0,0.0,0.0,0.0,0.0,49,-243,2452,168,411,4,Ghoddos,3
88,33,8,2,True,2022-08-27T14:00:00Z,1,1,4,90,0,0,0,1,0,0,0,0,0,0,0,9,15.8,45.6,9.0,7.0,51,52898,314192,100369,47471,4,Jensen,3
89,33,8,1,True,2022-08-27T14:00:00Z,1,1,4,68,0,0,0,1,0,0,0,1,0,0,0,-4,0.0,0.1,8.0,0.4,54,883,17022,3468,2585,4,Wissa,3
90,33,8,0,True,2022-08-27T14:00:00Z,1,1,4,0,0,0,0,0,0,0,0,0,0,0,0,0,0.0,0.0,0.0,0.0,45,-745,5069,125,870,4,Roerslev,2
91,33,8,1,True,2022-08-27T14:00:00Z,1,1,4,1,0,0,0,0,0,0,0,0,0,0,0,3,0.0,0.0,0.0,0.0,45,-637,6891,286,923,4,Bech,2
92,33,8,0,True,2022-08-27T14:00:00Z,1,1,4,0,0,0,0,0,0,0,0,0,0,0,0,0,0.0,0.0,0.0,0.0,44,-225,1618,23,248,4,Pinnock,2
93,33,8,0,True,2022-08-27T14:00:00Z,1,1,4,0,0,0,0,0,0,0,0,0,0,0,0,0,0.0,0.0,0.0,0.0,49,-446,3659,246,692,4,Onyeka,3
94,33,8,1,True,2022-08-27T14:00:00Z,1,1,4,22,0,0,0,0,0,0,0,0,0,0,0,3,2.8,5.3,0.0,0.8,45,-2662,32222,2427,5089,4,Baptiste,3
95,33,8,2,True,2022-08-27T14:00:00Z,1,1,4,77,0,0,0,1,0,0,0,0,0,0,0,4,1.2,18.0,42.0,6.1,60,-5885,288733,44519,50404,4,Mbeumo,4
96,33,8,0,True,2022-08-27T14:00:00Z,1,1,4,0,0,0,0,0,0,0,0,0,0,0,0,0,0.0,0.0,0.0,0.0,40,-2802,59564,3200,6002,4,Goode,2
97,33,8,0,True,2022-08-27T14:00:00Z,1,1,4,0,0,0,0,0,0,0,0,0,0,0,0,0,0.0,0.0,0.0,0.0,45,-1382,11140,0,1382,4,Forss,4
98,33,8,0,True,2022-08-27T14:00:00Z,1,1,4,0,0,0,0,0,0,0,0,0,0,0,0,0,0.0,0.0,0.0,0.0,40,-302,3131,0,302,4,Thompson,2
99,33,8,0,True,2022-08-27T14:00:00Z,1,1,4,0,0,0,0,0,0,0,0,0,0,0,0,0,0.0,0.0,0.0,0.0,45,-14,156,0,14,4,Bidstrup,3
100,33,8,0,True,2022-08-27T14:00:00Z,1,1,4,0,0,0,0,0,0,0,0,0,0,0,0,0,0.0,0.0,0.0,0.0,40,-854,11964,0,854,4,Balcombe,1
101,34,11,0,True,2022-08-27T14:00:00Z,1,0,4,0,0,0,0,0,0,0,0,0,0,0,0,0,0.0,0.0,0.0,0.0,50,-1371,23874,2835,4206,5,Lallana,3
102,34,11,0,True,2022-08-27T14:00:00Z,1,0,4,0,0,0,0,0,0,0,0,0,0,0,0,0,0.0,0.0,0.0,0.0,40,-956,86244,3485,4441,5,Steele,1
103,34,11,2,True,2022-08-27T14:00:00Z,1,0,4,87,0,0,1,0,0,0,0,0,0,0,0,7,6.8,26.3,2.0,3.5,65,34199,179230,59110,24911,5,Welbeck,4
104,34,11,11,True,2022-08-27T14:00:00Z,1,0,4,90,1,0,1,0,0,0,0,0,0,0,3,40,46.2,32.5,28.0,10.7,57,202703,969426,294441,91738,5,Groß,3
105,31,1,0,False,2022-08-27T16:30:00Z,2,1,4,0,0,0,0,0,0,0,0,0,0,0,0,0,0.0,0.0,0.0,0.0,44,-2180,21796,395,2575,9,Duffy,2
106,34,11,7,True,2022-08-27T14:00:00Z,1,0,4,90,0,0,1,0,0,0,0,0,0,0,1,22,4.8,10.6,6.0,2.1,45,58249,318597,81663,23414,5,Dunk,2
107,34,11,3,True,2022-08-27T14:00:00Z,1,0,4,69,0,0,1,0,0,0,0,0,0,0,0,1,9.6,14.8,47.0,7.1,50,-1436,39492,6294,7730,5,March,3
108,34,11,5,True,2022-08-27T14:00:00Z,1,0,4,90,0,0,1,0,0,0,0,1,0,0,0,17,17.4,0.4,12.0,3.0,45,6482,28006,8993,2511,5,Webster,2
109,34,11,6,True,2022-08-27T14:00:00Z,1,0,4,69,0,0,1,0,0,0,0,0,0,0,0,20,3.8,0.5,0.0,0.4,45,128153,221971,151777,23624,5,Veltman,2
110,33,4,0,False,2022-08-27T14:00:00Z,1,1,4,0,0,0,0,0,0,0,0,0,0,0,0,0,0.0,0.0,0.0,0.0,63,-9175,51137,4499,13674,8,Maupay,4
111,34,11,6,True,2022-08-27T14:00:00Z,1,0,4,78,0,1,1,0,0,0,0,0,0,0,0,15,19.0,21.8,32.0,7.3,65,28568,239745,52808,24240,5,Trossard,3
112,35,10,5,True,2022-08-27T14:00:00Z,2,1,4,90,0,1,0,1,0,0,0,0,0,0,0,24,29.6,24.4,0.0,5.4,51,-18380,1066705,118768,137148,6,Cucurella,2
113,34,11,8,True,2022-08-27T14:00:00Z,1,0,4,90,0,0,1,0,0,0,0,0,0,2,2,24,19.2,0.0,0.0,1.9,46,181486,1352332,235090,53604,5,Sánchez,1
114,34,11,1,True,2022-08-27T14:00:00Z,1,0,4,20,0,0,0,0,0,0,0,0,0,0,0,4,3.2,0.0,2.0,0.5,44,-25531,193933,4550,30081,5,Lamptey,2
115,34,11,0,True,2022-08-27T14:00:00Z,1,0,4,0,0,0,0,0,0,0,0,0,0,0,0,0,0.0,0.0,0.0,0.0,45,-2049,19184,1191,3240,5,Alzate,3
116,34,11,2,True,2022-08-27T14:00:00Z,1,0,4,90,0,0,1,0,0,0,0,1,0,0,0,4,10.4,11.8,0.0,2.2,55,15164,36568,19470,4306,5,Mac Allister,3
117,34,11,0,True,2022-08-27T14:00:00Z,1,0,4,0,0,0,0,0,0,0,0,0,0,0,0,0,0.0,0.0,0.0,0.0,45,-353,2439,72,425,5,Moder,3
118,34,11,1,True,2022-08-27T14:00:00Z,1,0,4,20,0,0,0,0,0,0,0,0,0,0,0,2,0.0,0.3,0.0,0.0,54,-1402,9636,538,1940,5,Mwepu,3
119,34,11,0,True,2022-08-27T14:00:00Z,1,0,4,0,0,0,0,0,0,0,0,0,0,0,0,0,0.0,0.0,0.0,0.0,45,-1664,7760,252,1916,5,Sarmiento,3
120,34,11,3,True,2022-08-27T14:00:00Z,1,0,4,90,0,0,1,0,0,0,0,0,0,0,0,9,10.2,4.7,2.0,1.7,50,254,25313,4373,4119,5,Caicedo,3
121,34,11,0,True,2022-08-27T14:00:00Z,1,0,4,0,0,0,0,0,0,0,0,0,0,0,0,0,0.0,0.0,0.0,0.0,45,-67,510,0,67,5,Richards,3
122,34,11,0,True,2022-08-27T14:00:00Z,1,0,4,0,0,0,0,0,0,0,0,0,0,0,0,0,0.0,0.0,0.0,0.0,40,-56,707,0,56,5,Roberts,2
123,34,11,0,True,2022-08-27T14:00:00Z,1,0,4,0,0,0,0,0,0,0,0,0,0,0,0,0,0.0,0.0,0.0,0.0,53,-9739,48522,1837,11576,5,Undav,4
124,34,11,1,True,2022-08-27T14:00:00Z,1,0,4,11,0,0,0,0,0,0,0,0,0,0,0,7,4.2,1.8,2.0,0.8,50,-902,5318,230,1132,5,Mitoma,3
125,34,11,0,True,2022-08-27T14:00:00Z,1,0,4,0,0,0,0,0,0,0,0,0,0,0,0,0,0.0,0.0,0.0,0.0,49,-3402,34567,2343,5745,5,Enciso,4
126,34,11,0,True,2022-08-27T14:00:00Z,1,0,4,0,0,0,0,0,0,0,0,0,0,0,0,0,0.0,0.0,0.0,0.0,45,-1232,6365,297,1529,5,Kozłowski,3
127,35,10,1,True,2022-08-27T14:00:00Z,2,1,4,45,0,0,0,1,0,0,0,0,0,0,0,7,12.6,0.6,0.0,1.3,50,-23210,175940,8869,32079,6,Azpilicueta,2
128,35,10,2,True,2022-08-27T14:00:00Z,2,1,4,90,0,0,0,1,0,0,0,0,0,0,0,21,33.6,1.1,18.0,5.3,55,-19217,584898,34662,53879,6,Thiago Silva,2
129,35,10,0,True,2022-08-27T14:00:00Z,2,1,4,0,0,0,0,0,0,0,0,0,0,0,0,0,0.0,0.0,0.0,0.0,53,-25380,117681,559,25939,6,Alonso,2
130,35,10,2,True,2022-08-27T14:00:00Z,2,1,4,74,0,0,0,1,0,0,0,0,0,0,0,10,7.2,3.4,0.0,1.1,60,-79240,394413,21047,100287,6,Jorginho,3
131,35,10,0,True,2022-08-27T14:00:00Z,2,1,4,0,0,0,0,0,0,0,0,0,0,0,0,0,0.0,0.0,0.0,0.0,49,-721,5720,339,1060,6,Barkley,3
132,35,10,1,True,2022-08-27T14:00:00Z,2,1,4,15,0,0,0,0,0,0,0,0,0,0,0,3,2.4,0.5,0.0,0.3,49,-7127,26435,1017,8144,6,Kovacic,3
133,35,10,0,True,2022-08-27T14:00:00Z,2,1,4,0,0,0,0,0,0,0,0,0,0,0,0,0,0.0,0.0,0.0,0.0,44,-1136,21722,660,1796,6,Arrizabalaga,1
134,35,10,0,True,2022-08-27T14:00:00Z,2,1,4,0,0,0,0,0,0,0,0,0,0,0,0,0,0.0,0.0,0.0,0.0,49,-92136,211869,1842,93978,6,Kanté,3
135,35,10,0,True,2022-08-27T14:00:00Z,2,1,4,0,0,0,0,0,0,0,0,0,0,0,0,0,0.0,0.0,0.0,0.0,58,-5836,33908,1807,7643,6,Ziyech,3
136,35,10,2,True,2022-08-27T14:00:00Z,2,1,4,90,0,0,0,1,0,0,0,0,0,0,0,9,21.8,2.1,17.0,4.1,50,-414,19975,3944,4358,6,Loftus-Cheek,3
137,35,10,0,True,2022-08-27T14:00:00Z,2,1,4,0,0,0,0,0,0,0,0,0,0,0,0,0,0.0,0.0,0.0,0.0,79,-4534,23994,0,4534,6,Werner,4
138,35,10,0,True,2022-08-27T14:00:00Z,2,1,4,0,0,0,0,0,0,0,0,0,0,0,0,0,0.0,0.0,0.0,0.0,40,-2427,34451,1401,3828,6,Kenedy,2
139,35,10,1,True,2022-08-27T14:00:00Z,2,1,4,1,0,0,0,0,0,0,0,0,0,0,0,4,3.0,0.0,0.0,0.3,59,-60477,286632,10397,70874,6,Chilwell,2
140,35,10,1,True,2022-08-27T14:00:00Z,2,1,4,15,0,0,0,0,0,0,0,0,0,0,0,3,0.2,0.3,0.0,0.1,58,-10773,45397,1870,12643,6,Pulisic,3
141,35,10,2,True,2022-08-27T14:00:00Z,2,1,4,90,0,0,0,1,0,0,0,0,0,0,0,13,15.4,0.5,0.0,1.6,48,-5718,39334,1142,6860,6,Chalobah,2
142,35,10,1,True,2022-08-27T14:00:00Z,2,1,4,45,0,0,0,0,0,0,0,0,0,0,0,4,8.6,11.1,2.0,2.2,78,-165482,583717,21525,187007,6,Mount,3
143,35,10,0,True,2022-08-27T14:00:00Z,2,1,4,0,0,0,0,0,0,0,0,0,0,0,0,0,0.0,0.0,0.0,0.0,50,-1498,5721,0,1498,6,Sarr,2
144,35,10,0,True,2022-08-27T14:00:00Z,2,1,4,0,0,0,0,0,0,0,0,0,0,0,0,0,0.0,0.0,0.0,0.0,53,-1271,7490,333,1604,6,Hudson-Odoi,3
145,35,10,1,True,2022-08-27T14:00:00Z,2,1,4,90,0,0,0,1,0,0,0,1,0,0,0,-5,5.0,4.8,6.0,1.6,79,-57114,329819,26921,84035,6,Havertz,4
146,35,10,7,True,2022-08-27T14:00:00Z,2,1,4,90,0,1,0,1,0,0,0,0,0,0,2,32,32.6,33.1,14.0,8.0,61,-53230,4179576,211927,265157,6,James,2
147,35,10,3,True,2022-08-27T14:00:00Z,2,1,4,90,0,0,0,1,0,0,0,0,0,4,0,16,34.6,0.0,0.0,3.5,50,-192033,2027544,46583,238616,6,Mendy,1
148,35,10,-2,True,2022-08-27T14:00:00Z,2,1,4,27,0,0,0,1,0,0,0,0,1,0,0,-2,0.0,2.8,0.0,0.2,57,-18988,83547,1962,20950,6,Gallagher,3
149,35,10,0,True,2022-08-27T14:00:00Z,2,1,4,0,0,0,0,0,0,0,0,0,0,0,0,0,0.0,0.0,0.0,0.0,44,11219,67496,24764,13545,6,Gilmour,3
150,35,10,0,True,2022-08-27T14:00:00Z,2,1,4,0,0,0,0,0,0,0,0,0,0,0,0,0,0.0,0.0,0.0,0.0,54,-23103,75964,1092,24195,6,Broja,4
151,35,10,0,True,2022-08-27T14:00:00Z,2,1,4,0,0,0,0,0,0,0,0,0,0,0,0,0,0.0,0.0,0.0,0.0,44,-732,8053,244,976,6,Ampadu,2
152,37,13,0,False,2022-08-27T14:00:00Z,4,2,4,90,0,0,0,4,0,0,0,0,0,1,0,12,12.2,0.0,0.0,1.2,45,-9488,131689,2906,12394,7,Guaita,1
153,37,13,0,False,2022-08-27T14:00:00Z,4,2,4,0,0,0,0,0,0,0,0,0,0,0,0,0,0.0,0.0,0.0,0.0,40,-7519,65092,225,7744,7,Tomkins,2
154,37,13,0,False,2022-08-27T14:00:00Z,4,2,4,0,0,0,0,0,0,0,0,0,0,0,0,0,0.0,0.0,0.0,0.0,49,-203,704,12,215,7,McArthur,3
155,37,13,0,False,2022-08-27T14:00:00Z,4,2,4,0,0,0,0,0,0,0,0,0,0,0,0,0,0.0,0.0,0.0,0.0,55,-9210,30422,0,9210,7,Benteke,4
156,37,13,0,False,2022-08-27T14:00:00Z,4,2,4,90,0,0,0,4,0,0,0,0,0,0,0,11,10.4,0.3,0.0,1.1,45,-994,18457,866,1860,7,Ward,2
157,37,13,1,False,2022-08-27T14:00:00Z,4,2,4,73,0,0,0,3,0,0,0,0,0,0,0,6,2.0,0.3,0.0,0.2,45,-2642,16727,903,3545,7,Clyne,2
158,37,13,0,False,2022-08-27T14:00:00Z,4,2,4,0,0,0,0,0,0,0,0,0,0,0,0,0,0.0,0.0,0.0,0.0,45,-6715,59431,2622,9337,7,Milivojevic,3
159,37,13,2,False,2022-08-27T14:00:00Z,4,2,4,73,0,0,0,3,0,0,0,0,0,0,0,7,2.6,0.4,0.0,0.3,55,-4887,28905,1768,6655,7,Ayew,3
160,37,13,0,False,2022-08-27T14:00:00Z,4,2,4,0,0,0,0,0,0,0,0,0,0,0,0,0,0.0,0.0,0.0,0.0,71,164238,1025364,332834,168596,7,Zaha,3
161,37,13,2,False,2022-08-27T14:00:00Z,4,2,4,90,0,0,0,4,0,0,0,0,0,0,0,8,13.2,0.7,0.0,1.4,50,-2008,15643,864,2872,7,Schlupp,3
162,37,13,0,False,2022-08-27T14:00:00Z,4,2,4,0,0,0,0,0,0,0,0,0,0,0,0,0,0.0,0.0,0.0,0.0,45,-661,8798,77,738,7,Butland,1
163,37,13,1,False,2022-08-27T14:00:00Z,4,2,4,23,0,0,0,2,0,0,0,0,0,0,0,4,7.6,0.3,0.0,0.8,49,-304,3247,118,422,7,Hughes,3
164,37,13,0,False,2022-08-27T14:00:00Z,4,2,4,0,0,0,0,0,0,0,0,0,0,0,0,0,0.0,0.0,0.0,0.0,45,-711,5464,189,900,7,Riedewald,3
165,37,13,6,False,2022-08-27T14:00:00Z,4,2,4,90,1,0,0,4,0,0,0,0,0,0,0,23,48.6,0.0,17.0,6.6,45,-17559,213121,6903,24462,7,Andersen,2
166,37,13,2,False,2022-08-27T14:00:00Z,4,2,4,66,0,0,0,2,0,0,0,0,0,0,0,4,0.0,1.3,2.0,0.2,54,-13046,241080,20732,33778,7,Edouard,4
167,37,13,-1,False,2022-08-27T14:00:00Z,4,2,4,90,0,0,0,4,0,0,0,1,0,0,0,10,11.4,0.5,0.0,1.2,44,-12558,143181,2204,14762,7,Guéhi,2
168,37,13,0,False,2022-08-27T14:00:00Z,4,2,4,16,0,0,0,1,0,0,0,1,0,0,0,0,1.0,0.5,0.0,0.2,54,4615,65783,13803,9188,7,Mateta,4
169,37,13,5,False,2022-08-27T14:00:00Z,4,2,4,90,0,1,0,4,0,0,0,0,0,0,0,18,20.4,28.5,2.0,5.1,55,-11884,147681,21976,33860,7,Eze,3
170,37,13,1,False,2022-08-27T14:00:00Z,4,2,4,56,0,0,0,1,0,0,0,0,0,0,0,4,1.0,0.6,0.0,0.2,45,626,89205,8953,8327,7,Mitchell,2
171,37,13,1,False,2022-08-27T14:00:00Z,4,2,4,16,0,0,0,1,0,0,0,0,0,0,0,3,2.0,0.0,0.0,0.2,55,-1503,13668,969,2472,7,Olise,3
172,37,13,0,False,2022-08-27T14:00:00Z,4,2,4,0,0,0,0,0,0,0,0,0,0,0,0,0,0.0,0.0,0.0,0.0,45,-555,2406,0,555,7,Rak-Sakyi,3
173,37,13,0,False,2022-08-27T14:00:00Z,4,2,4,0,0,0,0,0,0,0,0,0,0,0,0,0,0.0,0.0,0.0,0.0,45,-2667,18015,550,3217,7,Ebiowei,3
174,37,13,0,False,2022-08-27T14:00:00Z,4,2,4,0,0,0,0,0,0,0,0,0,0,0,0,0,0.0,0.0,0.0,0.0,39,252,21940,3441,3189,7,Ferguson,2
175,37,13,0,False,2022-08-27T14:00:00Z,4,2,4,0,0,0,0,0,0,0,0,0,0,0,0,0,0.0,0.0,0.0,0.0,45,-854,13424,182,1036,7,Johnstone,1
176,33,4,0,False,2022-08-27T14:00:00Z,1,1,4,0,0,0,0,0,0,0,0,0,0,0,0,0,0.0,0.0,0.0,0.0,40,-603,60875,2308,2911,8,Begović,1
177,33,4,1,False,2022-08-27T14:00:00Z,1,1,4,4,0,0,0,0,0,0,0,0,0,0,0,2,0.0,0.3,0.0,0.0,50,1614,53347,12503,10889,8,Rondón,4
178,33,4,0,False,2022-08-27T14:00:00Z,1,1,4,0,0,0,0,0,0,0,0,0,0,0,0,0,0.0,0.0,0.0,0.0,45,-304,6212,628,932,8,Coleman,2
179,33,4,0,False,2022-08-27T14:00:00Z,1,1,4,0,0,0,0,0,0,0,0,0,0,0,0,0,0.0,0.0,0.0,0.0,55,-37,580,58,95,8,Townsend,3
180,33,4,1,False,2022-08-27T14:00:00Z,1,1,4,22,0,0,0,1,0,0,0,0,0,0,0,4,6.4,0.3,0.0,0.7,44,-7384,50881,509,7893,8,Keane,2
181,33,4,0,False,2022-08-27T14:00:00Z,1,1,4,0,0,0,0,0,0,0,0,0,0,0,0,0,0.0,0.0,0.0,0.0,53,-13373,28265,603,13976,8,Dele,3
182,33,4,2,False,2022-08-27T14:00:00Z,1,1,4,90,0,0,0,1,0,0,0,1,0,4,0,15,37.4,0.0,0.0,3.7,45,-7634,538466,22407,30041,8,Pickford,1
183,33,4,0,False,2022-08-27T14:00:00Z,1,1,4,0,0,0,0,0,0,0,0,0,0,0,0,0,0.0,0.0,0.0,0.0,49,-922,9678,594,1516,8,Allan,3
184,33,4,0,False,2022-08-27T14:00:00Z,1,1,4,0,0,0,0,0,0,0,0,0,0,0,0,0,0.0,0.0,0.0,0.0,45,-1963,11929,151,2114,8,André Gomes,3
185,33,4,0,False,2022-08-27T14:00:00Z,1,1,4,0,0,0,0,0,0,0,0,0,0,0,0,0,0.0,0.0,0.0,0.0,54,-4665,10094,57,4722,8,A.Doucouré,3
186,33,4,2,False,2022-08-27T14:00:00Z,1,1,4,90,0,0,0,1,0,0,0,0,0,0,0,13,21.4,12.6,15.0,4.9,55,-3688,20166,1565,5253,8,Iwobi,3
187,33,4,0,False,2022-08-27T14:00:00Z,1,1,4,0,0,0,0,0,0,0,0,0,0,0,0,0,0.0,0.0,0.0,0.0,45,-658,4799,208,866,8,Gbamin,3
188,33,4,0,False,2022-08-27T14:00:00Z,1,1,4,0,0,0,0,0,0,0,0,0,0,0,0,0,0.0,0.0,0.0,0.0,44,-1867,8974,97,1964,8,Mina,2
189,33,4,2,False,2022-08-27T14:00:00Z,1,1,4,90,0,0,0,1,0,0,0,0,0,0,0,7,9.6,25.2,44.0,7.9,55,7925,104176,22099,14174,8,Gray,3
190,33,4,1,False,2022-08-27T14:00:00Z,1,1,4,12,0,0,0,1,0,0,0,0,0,0,0,4,4.0,1.1,0.0,0.5,50,-517,3096,306,823,8,Davies,3
191,33,4,0,False,2022-08-27T14:00:00Z,1,1,4,0,0,0,0,0,0,0,0,0,0,0,0,0,0.0,0.0,0.0,0.0,79,-3104,24958,338,3442,8,Calvert-Lewin,4
192,33,4,8,False,2022-08-27T14:00:00Z,1,1,4,67,0,0,1,0,0,0,0,0,0,0,2,25,11.4,11.0,0.0,2.2,45,-1354,15724,960,2314,8,Holgate,2
193,33,4,0,False,2022-08-27T14:00:00Z,1,1,4,0,0,0,0,0,0,0,0,0,0,0,0,0,0.0,0.0,0.0,0.0,44,-1064,5925,82,1146,8,Godfrey,2
194,33,4,2,False,2022-08-27T14:00:00Z,1,1,4,85,0,0,0,1,0,0,0,0,0,0,0,10,12.4,16.7,19.0,4.8,45,-4873,29709,1402,6275,8,Mykolenko,2
195,33,4,6,False,2022-08-27T14:00:00Z,1,1,4,90,1,0,0,1,0,0,0,1,0,0,0,22,50.0,4.1,68.0,12.2,55,-36551,136021,8057,44608,8,Gordon,3
196,33,4,0,False,2022-08-27T14:00:00Z,1,1,4,0,0,0,0,0,0,0,0,0,0,0,0,0,0.0,0.0,0.0,0.0,40,-181,2054,0,181,8,Branthwaite,2
197,33,4,2,False,2022-08-27T14:00:00Z,1,1,4,90,0,0,0,1,0,0,0,0,0,0,0,16,15.4,18.1,5.0,3.9,40,29756,611124,97568,67812,8,Patterson,2
198,33,4,0,False,2022-08-27T14:00:00Z,1,1,4,0,0,0,0,0,0,0,0,0,0,0,0,0,0.0,0.0,0.0,0.0,40,-3530,46911,1731,5261,8,Nkounkou,2
199,33,4,2,False,2022-08-27T14:00:00Z,1,1,4,90,0,0,0,1,0,0,0,0,0,0,0,18,40.0,0.8,21.0,6.2,45,-8654,74647,2379,11033,8,Tarkowski,2
200,31,1,1,False,2022-08-27T16:30:00Z,2,1,4,21,0,0,0,1,0,0,0,0,0,0,0,3,0.2,0.8,0.0,0.1,49,-815,5711,204,1019,9,Cairney,3
201,31,1,1,False,2022-08-27T16:30:00Z,2,1,4,87,0,0,0,2,0,0,0,0,0,0,0,16,26.0,0.1,0.0,2.6,45,-1639,10828,449,2088,9,Ream,2
202,31,1,0,False,2022-08-27T16:30:00Z,2,1,4,0,0,0,0,0,0,0,0,0,0,0,0,0,0.0,0.0,0.0,0.0,49,-602,3437,59,661,9,Knockaert,3
203,31,1,1,False,2022-08-27T16:30:00Z,2,1,4,2,0,0,0,0,0,0,0,0,0,0,0,1,2.2,0.3,17.0,2.0,45,-1289,13175,951,2240,9,Chalobah,3
204,31,1,2,False,2022-08-27T16:30:00Z,2,1,4,68,0,0,0,1,0,0,0,0,0,0,0,8,9.4,24.4,4.0,3.8,55,-4242,6236,53,4295,9,Kebano,3
205,31,1,1,False,2022-08-27T16:30:00Z,2,1,4,90,0,0,0,2,0,0,0,1,0,0,0,5,15.4,14.7,60.0,9.0,55,1196,8087,2143,947,9,De Cordova-Reid,3
206,31,1,0,False,2022-08-27T16:30:00Z,2,1,4,0,0,0,0,0,0,0,0,0,0,0,0,0,0.0,0.0,0.0,0.0,44,-42,2330,172,214,9,Bryan,2
207,31,1,0,False,2022-08-27T16:30:00Z,2,1,4,0,0,0,0,0,0,0,0,0,0,0,0,0,0.0,0.0,0.0,0.0,40,-24705,465517,2880,27585,9,Gazzaniga,1
208,31,1,0,False,2022-08-27T16:30:00Z,2,1,4,0,0,0,0,0,0,0,0,0,0,0,0,0,0.0,0.0,0.0,0.0,40,-3758,47800,1265,5023,9,Kongolo,2
209,31,1,1,False,2022-08-27T16:30:00Z,2,1,4,90,0,0,0,2,0,0,0,0,0,0,0,11,22.6,0.2,0.0,2.3,45,-1052,8547,208,1260,9,Tosin,2
210,31,1,7,False,2022-08-27T16:30:00Z,2,1,4,90,1,0,0,2,0,0,0,0,0,0,1,27,38.8,11.1,41.0,9.1,66,61232,1688549,224766,163534,9,Mitrović,4
211,31,1,2,False,2022-08-27T16:30:00Z,2,1,4,90,0,0,0,2,0,0,0,0,0,0,0,11,8.2,25.2,0.0,3.3,45,-3872,108116,15870,19742,9,Reed,3
212,31,1,0,False,2022-08-27T16:30:00Z,2,1,4,0,0,0,0,0,0,0,0,0,0,0,0,0,0.0,0.0,0.0,0.0,58,-1106,4448,87,1193,9,Wilson,3
213,31,1,0,False,2022-08-27T16:30:00Z,2,1,4,0,0,0,0,0,0,0,0,0,0,0,0,0,0.0,0.0,0.0,0.0,45,-4240,21225,467,4707,9,Rodák,1
214,31,1,0,False,2022-08-27T16:30:00Z,2,1,4,0,0,0,0,0,0,0,0,0,0,0,0,0,0.0,0.0,0.0,0.0,49,-1106,5876,177,1283,9,Cavaleiro,3
215,31,1,2,False,2022-08-27T16:30:00Z,2,1,4,78,0,0,0,1,0,0,0,0,0,0,0,7,21.4,0.7,0.0,2.2,45,-7499,32881,1763,9262,9,Tete,2
216,31,1,0,False,2022-08-27T16:30:00Z,2,1,4,0,0,0,0,0,0,0,0,0,0,0,0,0,0.0,0.0,0.0,0.0,44,33,8245,1316,1283,9,Onomah,3
217,31,1,0,False,2022-08-27T16:30:00Z,2,1,4,90,0,0,0,2,0,0,0,1,0,0,0,17,31.8,4.8,0.0,3.7,45,-1660,15791,792,2452,9,Robinson,2
218,31,1,0,False,2022-08-27T16:30:00Z,2,1,4,0,0,0,0,0,0,0,0,0,0,0,0,0,0.0,0.0,0.0,0.0,54,-2877,9000,484,3361,9,Muniz,4
219,31,1,1,False,2022-08-27T16:30:00Z,2,1,4,2,0,0,0,0,0,0,0,0,0,0,0,3,0.0,0.0,4.0,0.4,45,86643,231895,120680,34037,9,Stansfield,4
220,31,1,1,False,2022-08-27T16:30:00Z,2,1,4,87,0,0,0,2,0,0,0,1,0,0,0,4,11.8,0.1,4.0,1.6,50,2927,29751,7074,4147,9,Palhinha,3
221,34,5,0,False,2022-08-27T14:00:00Z,1,0,4,0,0,0,0,0,0,0,0,0,0,0,0,0,0.0,0.0,0.0,0.0,45,-366,4021,208,574,11,Cooper,2
222,34,5,0,False,2022-08-27T14:00:00Z,1,0,4,0,0,0,0,0,0,0,0,0,0,0,0,0,0.0,0.0,0.0,0.0,45,-142,1564,117,259,11,Ayling,2
223,34,5,1,False,2022-08-27T14:00:00Z,1,0,4,31,0,0,0,1,0,0,0,0,0,0,0,6,10.6,21.6,2.0,3.4,49,-1028,8824,683,1711,11,Klich,3
224,34,5,1,False,2022-08-27T14:00:00Z,1,0,4,16,0,0,0,0,0,0,0,0,0,0,0,6,3.4,14.5,0.0,1.8,45,-20,6688,936,956,11,Forshaw,3
225,34,5,2,False,2022-08-27T14:00:00Z,1,0,4,90,0,0,0,1,0,0,0,0,0,0,0,6,5.2,2.8,55.0,6.3,64,1332069,2646946,1384843,52774,11,Rodrigo,3
226,34,5,0,False,2022-08-27T14:00:00Z,1,0,4,0,0,0,0,0,0,0,0,0,0,0,0,0,0.0,0.0,0.0,0.0,50,-81,1224,154,235,11,Dallas,2
227,34,5,0,False,2022-08-27T14:00:00Z,1,0,4,0,0,0,0,0,0,0,0,0,0,0,0,0,0.0,0.0,0.0,0.0,73,-24108,55525,726,24834,11,Bamford,4
228,34,5,2,False,2022-08-27T14:00:00Z,1,0,4,90,0,0,0,1,0,0,0,0,0,0,0,17,13.6,0.6,7.0,2.1,45,8164,39082,10862,2698,11,Llorente,2
229,34,5,0,False,2022-08-27T14:00:00Z,1,0,4,0,0,0,0,0,0,0,0,0,0,0,0,0,0.0,0.0,0.0,0.0,50,-5,77,0,5,11,Roberts,3
230,34,5,2,False,2022-08-27T14:00:00Z,1,0,4,90,0,0,0,1,0,0,0,0,0,0,0,13,18.0,0.8,0.0,1.9,45,1675,15950,2688,1013,11,Koch,2
231,34,5,1,False,2022-08-27T14:00:00Z,1,0,4,58,0,0,0,0,0,0,0,0,0,0,0,4,6.4,0.9,2.0,0.9,60,476,9290,1899,1423,11,James,3
232,34,5,0,False,2022-08-27T14:00:00Z,1,0,4,0,0,0,0,0,0,0,0,0,0,0,0,0,0.0,0.0,0.0,0.0,70,-1132,12124,0,1132,11,Raphinha,3
233,34,5,2,False,2022-08-27T14:00:00Z,1,0,4,73,0,0,0,1,0,0,0,0,0,0,0,7,8.2,11.9,18.0,3.8,60,199491,373863,235964,36473,11,Harrison,3
234,34,5,0,False,2022-08-27T14:00:00Z,1,0,4,0,0,0,0,0,0,0,0,0,0,0,0,0,0.0,0.0,0.0,0.0,45,-53,434,0,53,11,Shackleton,3
235,34,5,1,False,2022-08-27T14:00:00Z,1,0,4,90,0,0,0,1,0,0,0,1,0,0,0,9,12.0,12.8,17.0,4.2,45,17995,37098,22503,4508,11,Struijk,2
236,34,5,0,False,2022-08-27T14:00:00Z,1,0,4,0,0,0,0,0,0,0,0,0,0,0,0,0,0.0,0.0,0.0,0.0,40,-1275,43412,973,2248,11,Klaesson,1
237,34,5,0,False,2022-08-27T14:00:00Z,1,0,4,0,0,0,0,0,0,0,0,0,0,0,0,0,0.0,0.0,0.0,0.0,45,-125397,1847954,67068,192465,11,Greenwood,4
238,34,5,3,False,2022-08-27T14:00:00Z,1,0,4,90,0,0,0,1,0,0,0,0,0,3,0,15,25.0,0.0,0.0,2.5,45,13735,235468,28413,14678,11,Meslier,1
239,34,5,0,False,2022-08-27T14:00:00Z,1,0,4,0,0,0,0,0,0,0,0,0,0,0,0,0,0.0,0.0,0.0,0.0,45,-38,611,35,73,11,Firpo,2
240,34,5,0,False,2022-08-27T14:00:00Z,1,0,4,0,0,0,0,0,0,0,0,0,0,0,0,0,0.0,0.0,0.0,0.0,45,-2541,21442,901,3442,11,Summerville,3
241,34,5,0,False,2022-08-27T14:00:00Z,1,0,4,0,0,0,0,0,0,0,0,0,0,0,0,0,0.0,0.0,0.0,0.0,45,-154,999,0,154,11,Bate,3
242,34,5,1,False,2022-08-27T14:00:00Z,1,0,4,8,0,0,0,0,0,0,0,0,0,0,0,3,1.4,0.3,8.0,1.0,54,-3315,40997,3173,6488,11,Gelhardt,4
243,34,5,0,False,2022-08-27T14:00:00Z,1,0,4,0,0,0,0,0,0,0,0,0,0,0,0,0,0.0,0.0,0.0,0.0,40,-897,20001,979,1876,11,Hjelde,2
244,34,5,2,False,2022-08-27T14:00:00Z,1,0,4,90,0,0,0,1,0,0,0,0,0,0,0,10,14.0,2.2,0.0,1.6,49,4557,53779,9854,5297,11,Kristensen,2
245,34,5,0,False,2022-08-27T14:00:00Z,1,0,4,58,0,0,0,0,0,0,0,1,0,0,0,7,10.0,11.4,0.0,2.1,50,-467,7053,821,1288,11,Roca,3
246,34,5,1,False,2022-08-27T14:00:00Z,1,0,4,81,0,0,0,1,0,0,0,1,0,0,0,-1,6.6,7.2,6.0,2.0,55,34985,146528,48516,13531,11,Aaronson,3
247,34,5,0,False,2022-08-27T14:00:00Z,1,0,4,0,0,0,0,0,0,0,0,0,0,0,0,0,0.0,0.0,0.0,0.0,44,6643,14600,9586,2943,11,Gyabi,3
248,35,6,0,False,2022-08-27T14:00:00Z,2,1,4,0,0,0,0,0,0,0,0,0,0,0,0,0,0.0,0.0,0.0,0.0,50,-3181,20280,0,3181,10,Schmeichel,1
249,35,6,1,False,2022-08-27T14:00:00Z,2,1,4,90,0,0,0,2,0,0,0,0,0,0,0,17,12.8,1.0,2.0,1.6,45,-2483,28748,1088,3571,10,Evans,2
250,35,6,0,False,2022-08-27T14:00:00Z,2,1,4,0,0,0,0,0,0,0,0,0,0,0,0,0,0.0,0.0,0.0,0.0,40,-166,3839,301,467,10,Bertrand,2
251,35,6,0,False,2022-08-27T14:00:00Z,2,1,4,0,0,0,0,0,0,0,0,0,0,0,0,0,0.0,0.0,0.0,0.0,49,-1582,8814,392,1974,10,Albrighton,3
252,35,6,0,False,2022-08-27T14:00:00Z,2,1,4,0,0,0,0,0,0,0,0,0,0,0,0,0,0.0,0.0,0.0,0.0,44,-5939,53511,3182,9121,10,Mendy,3
253,35,6,0,False,2022-08-27T14:00:00Z,2,1,4,0,0,0,0,0,0,0,0,0,0,0,0,0,0.0,0.0,0.0,0.0,40,-58105,751160,24530,82635,10,Vestergaard,2
254,35,6,1,False,2022-08-27T14:00:00Z,2,1,4,90,0,0,0,2,0,0,0,0,0,1,0,9,10.4,0.0,0.0,1.0,40,23240,2645665,117112,93872,10,Ward,1
255,35,6,5,False,2022-08-27T14:00:00Z,2,1,4,90,0,1,0,2,0,0,0,0,0,0,0,3,17.4,10.8,47.0,7.5,94,-76204,341342,16545,92749,10,Vardy,4
256,35,6,0,False,2022-08-27T14:00:00Z,2,1,4,0,0,0,0,0,0,0,0,0,0,0,0,0,0.0,0.0,0.0,0.0,44,-590,3445,62,652,10,Ricardo,2
257,35,6,1,False,2022-08-27T14:00:00Z,2,1,4,90,0,0,0,2,0,0,0,0,0,0,0,18,21.2,26.3,4.0,5.2,45,-2654,26223,1016,3670,10,Amartey,2
258,35,6,1,False,2022-08-27T14:00:00Z,2,1,4,90,0,0,0,2,0,0,0,0,0,0,0,11,14.4,21.7,28.0,6.4,45,-26370,166554,7026,33396,10,Castagne,2
259,35,6,4,False,2022-08-27T14:00:00Z,2,1,4,88,0,0,0,2,0,0,0,0,0,0,2,32,38.4,78.2,18.0,13.5,64,-42026,154853,2416,44442,10,Tielemans,3
260,35,6,1,False,2022-08-27T14:00:00Z,2,1,4,35,0,0,0,1,0,0,0,0,0,0,0,7,4.0,24.9,10.0,3.9,49,1098,13392,2758,1660,10,Pérez,3
261,35,6,0,False,2022-08-27T14:00:00Z,2,1,4,0,0,0,0,0,0,0,0,0,0,0,0,0,0.0,0.0,0.0,0.0,80,-97363,477866,60665,158028,10,Maddison,3
262,35,6,1,False,2022-08-27T14:00:00Z,2,1,4,35,0,0,0,1,0,0,0,0,0,0,0,0,0.0,12.0,17.0,2.8,63,-13274,63291,2422,15696,10,Iheanacho,4
263,35,6,0,False,2022-08-27T14:00:00Z,2,1,4,0,0,0,0,0,0,0,0,0,0,0,0,0,0.0,0.0,0.0,0.0,45,-2156,9791,0,2156,10,Choudhury,3
264,35,6,7,False,2022-08-27T14:00:00Z,2,1,4,90,1,0,0,2,0,0,0,0,0,0,0,20,37.2,4.9,54.0,9.6,69,-4914,94528,2884,7798,10,Barnes,3
265,35,6,1,False,2022-08-27T14:00:00Z,2,1,4,1,0,0,0,0,0,0,0,0,0,0,0,3,0.4,0.0,2.0,0.2,50,-4919,36286,2503,7422,10,Ndidi,3
266,35,6,1,False,2022-08-27T14:00:00Z,2,1,4,90,0,0,0,2,0,0,0,1,0,0,0,7,6.0,17.8,0.0,2.4,50,-46146,201906,14849,60995,10,Dewsbury-Hall,3
267,35,6,0,False,2022-08-27T14:00:00Z,2,1,4,0,0,0,0,0,0,0,0,0,0,0,0,0,0.0,0.0,0.0,0.0,44,-6235,36823,669,6904,10,Söyüncü,2
268,35,6,1,False,2022-08-27T14:00:00Z,2,1,4,90,0,0,0,2,0,0,0,0,0,0,0,19,32.4,32.0,12.0,7.6,44,-19996,105319,2083,22079,10,Justin,2
269,35,6,1,False,2022-08-27T14:00:00Z,2,1,4,54,0,0,0,1,0,0,0,0,0,0,0,8,5.0,2.4,0.0,0.7,44,-1193,42977,5248,6441,10,Soumaré,3
270,35,6,0,False,2022-08-27T14:00:00Z,2,1,4,0,0,0,0,0,0,0,0,0,0,0,0,0,0.0,0.0,0.0,0.0,44,-902,7940,182,1084,10,Thomas,2
271,35,6,0,False,2022-08-27T14:00:00Z,2,1,4,0,0,0,0,0,0,0,0,0,0,0,0,0,0.0,0.0,0.0,0.0,58,-18222,87746,3572,21794,10,Daka,4
272,35,6,0,False,2022-08-27T14:00:00Z,2,1,4,0,0,0,0,0,0,0,0,0,0,0,0,0,0.0,0.0,0.0,0.0,44,-18981,139943,9312,28293,10,Fofana,2
273,35,6,0,False,2022-08-27T14:00:00Z,2,1,4,0,0,0,0,0,0,0,0,0,0,0,0,0,0.0,0.0,0.0,0.0,40,-1743,29576,1184,2927,10,Brunt,2
274,36,3,1,True,2022-08-27T14:00:00Z,9,0,4,21,0,0,0,0,0,0,0,0,0,0,0,4,4.4,1.2,17.0,2.3,45,-3543,137801,21797,25340,12,Milner,3
275,36,3,3,True,2022-08-27T14:00:00Z,9,0,4,69,0,0,1,0,0,0,0,0,0,0,0,12,10.8,4.9,4.0,2.0,54,-15335,101342,5319,20654,12,Henderson,3
276,36,3,0,True,2022-08-27T14:00:00Z,9,0,4,0,0,0,0,0,0,0,0,0,0,0,0,0,0.0,0.0,0.0,0.0,59,-31146,100363,333,31479,12,Matip,2
277,36,3,0,True,2022-08-27T14:00:00Z,9,0,4,0,0,0,0,0,0,0,0,0,0,0,0,0,0.0,0.0,0.0,0.0,53,-15109,57763,928,16037,12,Thiago,3
278,36,3,0,True,2022-08-27T14:00:00Z,9,0,4,0,0,0,0,0,0,0,0,0,0,0,0,0,0.0,0.0,0.0,0.0,49,-96,780,17,113,12,Chamberlain,3
279,36,3,22,True,2022-08-27T14:00:00Z,9,0,4,68,2,3,1,0,0,0,0,0,0,0,3,81,125.8,49.8,128.0,30.4,80,5406,132781,23967,18561,12,Firmino,4
280,36,3,12,True,2022-08-27T14:00:00Z,9,0,4,90,1,0,1,0,0,0,0,0,0,0,0,40,48.2,6.8,41.0,9.6,65,-91807,1282506,42094,133901,12,Van Dijk,2
281,36,3,6,True,2022-08-27T14:00:00Z,9,0,4,90,0,0,1,0,0,0,0,0,0,2,0,24,16.2,0.0,0.0,1.6,55,-80378,1568834,52421,132799,12,Alisson,1
282,36,3,3,True,2022-08-27T14:00:00Z,9,0,4,90,0,0,1,0,0,0,0,0,0,0,0,14,15.4,16.0,0.0,3.1,55,-12991,101188,8118,21109,12,Fabinho,3
283,36,3,3,True,2022-08-27T14:00:00Z,9,0,4,90,0,0,1,0,0,0,0,0,0,0,0,-5,2.4,28.1,52.0,8.3,130,-19068,5784665,140231,159299,12,Salah,3
284,36,3,9,True,2022-08-27T14:00:00Z,9,0,4,68,0,1,1,0,0,0,0,0,0,0,0,31,19.0,19.2,6.0,4.4,69,-105823,798237,38749,144572,12,Robertson,2
285,36,3,17,True,2022-08-27T14:00:00Z,9,0,4,82,1,1,1,0,0,0,0,0,0,0,2,58,59.0,61.6,11.0,13.2,75,-386885,4514639,84441,471326,12,Alexander-Arnold,2
286,36,3,6,True,2022-08-27T14:00:00Z,9,0,4,90,0,0,1,0,0,0,0,0,0,0,0,26,17.8,2.6,0.0,2.0,45,7997,44203,14929,6932,12,Gomez,2
287,36,3,0,True,2022-08-27T14:00:00Z,9,0,4,0,0,0,0,0,0,0,0,0,0,0,0,0,0.0,0.0,0.0,0.0,49,-3762,9365,892,4654,12,Keita,3
288,36,3,0,True,2022-08-27T14:00:00Z,9,0,4,0,0,0,0,0,0,0,0,0,0,0,0,0,0.0,0.0,0.0,0.0,89,-3829,31172,848,4677,12,Diogo Jota,4
289,36,3,0,True,2022-08-27T14:00:00Z,9,0,4,0,0,0,0,0,0,0,0,0,0,0,0,0,0.0,0.0,0.0,0.0,40,-821,18305,230,1051,12,Kelleher,1
290,36,3,0,True,2022-08-27T14:00:00Z,9,0,4,0,0,0,0,0,0,0,0,0,0,0,0,0,0.0,0.0,0.0,0.0,48,-4959,25354,381,5340,12,Konaté,2
291,36,3,0,True,2022-08-27T14:00:00Z,9,0,4,0,0,0,0,0,0,0,0,0,0,0,0,0,0.0,0.0,0.0,0.0,49,-90,671,15,105,12,Jones,3
292,36,3,7,True,2022-08-27T14:00:00Z,9,0,4,21,0,2,0,0,0,0,0,0,0,0,0,23,34.2,25.6,2.0,6.2,45,5,9642,1060,1055,12,Tsimikas,2
293,36,3,14,True,2022-08-27T14:00:00Z,9,0,4,90,2,0,1,0,0,0,0,0,0,0,1,52,76.0,24.5,56.0,15.7,80,-7358,2088008,208449,215807,12,Luis Díaz,3
294,36,3,6,True,2022-08-27T14:00:00Z,9,0,4,45,1,0,0,0,0,0,0,0,0,0,0,32,39.8,17.8,13.0,7.1,50,3675,42458,12544,8869,12,Elliott,3
295,38,18,1,True,2022-08-28T15:30:00Z,0,2,4,90,0,0,0,2,0,0,0,0,0,0,0,13,14.2,14.7,22.0,5.1,41,24698,2777551,169456,144758,16,N.Williams,2
296,36,3,6,True,2022-08-27T14:00:00Z,9,0,4,45,1,0,0,0,0,0,0,0,0,0,0,23,37.4,2.8,23.0,6.3,54,408,25414,4658,4250,12,Carvalho,3
297,36,3,0,True,2022-08-27T14:00:00Z,9,0,4,0,0,0,0,0,0,0,0,0,0,0,0,0,0.0,0.0,0.0,0.0,89,-309331,735464,8504,317835,12,Darwin,4
298,36,3,0,True,2022-08-27T14:00:00Z,9,0,4,0,0,0,0,0,0,0,0,0,0,0,0,0,0.0,0.0,0.0,0.0,40,-3651,17883,153,3804,12,Ramsay,2
299,37,7,1,True,2022-08-27T14:00:00Z,4,2,4,90,0,0,0,2,0,0,0,0,0,0,0,15,13.0,20.4,0.0,3.3,51,-6799,1257914,125686,132485,13,Walker,2
300,37,7,4,True,2022-08-27T14:00:00Z,4,2,4,29,0,1,0,0,0,0,0,0,0,0,0,15,20.2,13.2,17.0,5.0,76,165820,479480,209211,43391,13,Gündogan,3
301,37,7,2,True,2022-08-27T14:00:00Z,4,2,4,88,0,0,0,2,0,0,0,0,0,0,0,12,15.8,43.5,30.0,8.9,122,276871,2522376,361418,84547,13,De Bruyne,3
302,37,7,3,True,2022-08-27T14:00:00Z,4,2,4,90,0,1,0,2,1,0,0,0,0,0,1,26,29.8,16.1,4.0,5.0,54,-14029,197402,8197,22226,13,Stones,2
303,37,7,2,True,2022-08-27T14:00:00Z,4,2,4,60,0,0,0,2,0,0,0,0,0,0,0,15,5.2,27.1,6.0,3.8,78,-103014,250806,9165,112179,13,Mahrez,3
304,35,10,15,True,2022-08-27T14:00:00Z,2,1,4,74,2,0,0,1,0,0,0,0,0,0,3,39,68.6,16.1,46.0,13.1,99,-83810,473197,28396,112206,6,Sterling,3
305,37,7,0,True,2022-08-27T14:00:00Z,4,2,4,0,0,0,0,0,0,0,0,0,0,0,0,0,0.0,0.0,0.0,0.0,69,-132641,182368,1634,134275,13,Grealish,3
306,37,7,1,True,2022-08-27T14:00:00Z,4,2,4,60,0,0,0,2,0,0,0,0,0,0,0,16,13.0,22.3,0.0,3.5,71,6770,4624067,194375,187605,13,Cancelo,2
307,37,7,1,True,2022-08-27T14:00:00Z,4,2,4,90,0,0,0,2,0,0,0,0,0,1,0,10,7.8,0.0,0.0,0.8,55,-18322,1798035,102056,120378,13,Ederson,1
308,37,7,0,True,2022-08-27T14:00:00Z,4,2,4,0,0,0,0,0,0,0,0,0,0,0,0,0,0.0,0.0,0.0,0.0,50,-75286,147886,9017,84303,13,Aké,2
309,37,7,0,True,2022-08-27T14:00:00Z,4,2,4,0,0,0,0,0,0,0,0,0,0,0,0,0,0.0,0.0,0.0,0.0,59,-4453,31997,270,4723,13,Laporte,2
310,37,7,0,True,2022-08-27T14:00:00Z,4,2,4,0,0,0,0,0,0,0,0,0,0,0,0,0,0.0,0.0,0.0,0.0,40,-257,2490,0,257,13,Steffen,1
311,37,7,9,True,2022-08-27T14:00:00Z,4,2,4,90,1,0,0,2,0,0,0,0,0,0,2,37,44.8,53.8,55.0,15.4,68,56274,510089,101148,44874,13,Bernardo,3
312,37,7,1,True,2022-08-27T14:00:00Z,4,2,4,90,0,0,0,2,0,0,0,0,0,0,0,14,13.0,9.0,2.0,2.4,60,-51438,1101754,50844,102282,13,Dias,2
313,31,9,0,True,2022-08-27T16:30:00Z,2,1,4,0,0,0,0,0,0,0,0,0,0,0,0,0,0.0,0.0,0.0,0.0,53,220900,3012987,361150,140250,1,Zinchenko,2
314,37,7,4,True,2022-08-27T14:00:00Z,4,2,4,90,0,1,0,2,0,0,0,1,0,0,0,18,25.8,55.3,16.0,9.7,80,-55430,731637,55942,111372,13,Foden,3
315,37,7,5,True,2022-08-27T14:00:00Z,4,2,4,90,0,1,0,2,0,0,0,0,0,0,0,20,27.8,19.8,6.0,5.4,59,-24511,235163,11846,36357,13,Rodri,3
316,37,7,1,True,2022-08-27T14:00:00Z,4,2,4,1,0,0,0,0,0,0,0,0,0,0,0,4,1.4,1.3,0.0,0.3,45,-1196,11564,498,1694,13,Palmer,3
317,37,7,0,True,2022-08-27T14:00:00Z,4,2,4,0,0,0,0,0,0,0,0,0,0,0,0,0,0.0,0.0,0.0,0.0,45,-93,641,0,93,13,McAtee,3
318,37,7,17,True,2022-08-27T14:00:00Z,4,2,4,83,3,0,0,2,0,0,0,0,0,0,3,73,87.2,1.3,105.0,19.4,117,99625,5967805,231905,132280,13,Haaland,4
319,37,7,1,True,2022-08-27T14:00:00Z,4,2,4,29,0,0,0,0,0,0,0,0,0,0,0,4,1.6,3.7,4.0,0.9,62,-33529,136116,6115,39644,13,Álvarez,4
320,37,7,0,True,2022-08-27T14:00:00Z,4,2,4,0,0,0,0,0,0,0,0,0,0,0,0,0,0.0,0.0,0.0,0.0,39,26662,49669,39919,13257,13,Mbete,2
321,39,14,2,True,2022-08-27T11:30:00Z,0,1,4,90,0,0,0,1,0,0,0,0,0,0,0,19,13.8,13.2,1.0,2.8,45,-3269,60031,8282,11551,17,Lavia,3
322,37,7,0,True,2022-08-27T14:00:00Z,4,2,4,0,0,0,0,0,0,0,0,0,0,0,0,0,0.0,0.0,0.0,0.0,40,-4734,50004,2137,6871,13,Wilson-Esbrand,2
323,37,7,0,True,2022-08-27T14:00:00Z,4,2,4,0,0,0,0,0,0,0,0,0,0,0,0,0,0.0,0.0,0.0,0.0,44,-8313,49665,3802,12115,13,Delap,4
324,37,7,0,True,2022-08-27T14:00:00Z,4,2,4,0,0,0,0,0,0,0,0,0,0,0,0,0,0.0,0.0,0.0,0.0,40,-2866,39043,851,3717,13,Ortega,1
325,37,7,0,True,2022-08-27T14:00:00Z,4,2,4,0,0,0,0,0,0,0,0,0,0,0,0,0,0.0,0.0,0.0,0.0,49,-4011,24868,1167,5178,13,Phillips,3
326,39,17,1,False,2022-08-27T11:30:00Z,0,1,4,22,0,0,0,0,0,0,0,0,0,0,0,-1,0.0,0.7,8.0,0.8,104,-36719,339885,23950,60669,14,Ronaldo,4
327,39,17,8,False,2022-08-27T11:30:00Z,0,1,4,90,0,0,1,0,0,0,0,0,0,4,1,29,34.8,0.0,0.0,3.5,49,-14894,509413,28718,43612,14,De Gea,1
328,39,17,0,False,2022-08-27T11:30:00Z,0,1,4,0,0,0,0,0,0,0,0,0,0,0,0,0,0.0,0.0,0.0,0.0,40,-2338,32753,1385,3723,14,Jones,2
329,39,17,6,False,2022-08-27T11:30:00Z,0,1,4,90,0,0,1,0,0,0,0,0,0,0,0,25,11.0,0.8,4.0,1.6,48,24887,190503,39970,15083,14,Varane,2
330,39,17,0,False,2022-08-27T11:30:00Z,0,1,4,0,0,0,0,0,0,0,0,0,0,0,0,0,0.0,0.0,0.0,0.0,48,-10759,54300,1867,12626,14,Maguire,2
331,39,17,0,False,2022-08-27T11:30:00Z,0,1,4,1,0,0,0,0,0,0,0,1,0,0,0,-2,0.0,0.0,0.0,0.0,53,-10603,57783,2659,13262,14,Fred,3
332,39,17,0,False,2022-08-27T11:30:00Z,0,1,4,0,0,0,0,0,0,0,0,0,0,0,0,0,0.0,0.0,0.0,0.0,48,-11746,60003,1558,13304,14,Shaw,2
333,39,17,8,False,2022-08-27T11:30:00Z,0,1,4,90,1,0,1,0,0,0,0,0,0,0,0,24,43.2,3.9,92.0,13.9,98,-8269,184715,14981,23250,14,Fernandes,3
334,39,17,0,False,2022-08-27T11:30:00Z,0,1,4,0,0,0,0,0,0,0,0,0,0,0,0,0,0.0,0.0,0.0,0.0,50,-517,3077,0,517,14,Telles,2
335,39,17,3,False,2022-08-27T11:30:00Z,0,1,4,90,0,0,1,0,0,0,0,0,0,0,0,4,4.4,3.8,18.0,2.6,63,95534,580997,172188,76654,14,Rashford,3
336,39,17,0,False,2022-08-27T11:30:00Z,0,1,4,0,0,0,0,0,0,0,0,0,0,0,0,0,0.0,0.0,0.0,0.0,53,-7140,31464,882,8022,14,Van de Beek,3
337,39,17,0,False,2022-08-27T11:30:00Z,0,1,4,0,0,0,0,0,0,0,0,0,0,0,0,0,0.0,0.0,0.0,0.0,44,-2606,9659,53,2659,14,Lindelöf,2
338,39,17,2,False,2022-08-27T11:30:00Z,0,1,4,90,0,0,1,0,0,0,0,1,0,0,0,6,14.8,2.2,28.0,4.5,49,-1771,20876,2156,3927,14,McTominay,3
339,39,17,0,False,2022-08-27T11:30:00Z,0,1,4,0,0,0,0,0,0,0,0,0,0,0,0,0,0.0,0.0,0.0,0.0,40,-25038,120197,2507,27545,14,Bailly,2
340,39,17,3,False,2022-08-27T11:30:00Z,0,1,4,67,0,0,1,0,0,0,0,0,0,0,0,8,6.4,3.7,6.0,1.6,73,42704,523518,93570,50866,14,Sancho,3
341,39,17,0,False,2022-08-27T11:30:00Z,0,1,4,0,0,0,0,0,0,0,0,0,0,0,0,0,0.0,0.0,0.0,0.0,44,-3156,27173,1035,4191,14,Wan-Bissaka,2
342,39,17,11,False,2022-08-27T11:30:00Z,0,1,4,90,0,1,1,0,0,0,0,1,0,0,3,35,46.8,29.8,4.0,8.1,44,-18642,243300,17306,35948,14,Dalot,2
343,39,17,0,False,2022-08-27T11:30:00Z,0,1,4,0,0,0,0,0,0,0,0,0,0,0,0,0,0.0,0.0,0.0,0.0,40,-16362,178815,3120,19482,14,B.Williams,2
344,39,17,3,False,2022-08-27T11:30:00Z,0,1,4,79,0,0,1,0,0,0,0,0,0,0,0,6,11.8,32.6,41.0,8.5,49,5772,72794,16476,10704,14,Elanga,3
345,39,17,0,False,2022-08-27T11:30:00Z,0,1,4,0,0,0,0,0,0,0,0,0,0,0,0,0,0.0,0.0,0.0,0.0,69,15982,95907,39566,23584,14,Martial,4
346,31,1,2,False,2022-08-27T16:30:00Z,2,1,4,78,0,0,0,1,0,0,0,0,0,0,0,3,4.0,42.5,1.0,4.8,45,77051,2238724,192531,115480,9,Andreas,3
347,39,17,0,False,2022-08-27T11:30:00Z,0,1,4,0,0,0,0,0,0,0,0,0,0,0,0,0,0.0,0.0,0.0,0.0,44,-575,3483,242,817,14,Pellistri,3
348,39,17,0,False,2022-08-27T11:30:00Z,0,1,4,0,0,0,0,0,0,0,0,0,0,0,0,0,0.0,0.0,0.0,0.0,40,-1377,46247,999,2376,14,Heaton,1
349,40,20,0,False,2022-08-28T13:00:00Z,1,1,4,0,0,0,0,0,0,0,0,0,0,0,0,0,0.0,0.0,0.0,0.0,49,-435,2525,58,493,15,Shelvey,3
350,40,20,1,False,2022-08-28T13:00:00Z,1,1,4,1,0,0,0,0,0,0,0,0,0,0,0,3,0.0,0.0,0.0,0.0,44,-815,8066,245,1060,15,Ritchie,2
351,40,20,0,False,2022-08-28T13:00:00Z,1,1,4,0,0,0,0,0,0,0,0,0,0,0,0,0,0.0,0.0,0.0,0.0,44,-370,3716,102,472,15,Fernández,2
352,40,20,0,False,2022-08-28T13:00:00Z,1,1,4,0,0,0,0,0,0,0,0,0,0,0,0,0,0.0,0.0,0.0,0.0,45,-25,283,0,25,15,Clark,2
353,40,20,0,False,2022-08-28T13:00:00Z,1,1,4,0,0,0,0,0,0,0,0,0,0,0,0,0,0.0,0.0,0.0,0.0,40,-9425,224349,2002,11427,15,Darlow,1
354,40,20,2,False,2022-08-28T13:00:00Z,1,1,4,64,0,0,0,1,0,0,0,0,0,0,0,4,7.2,11.5,37.0,5.6,58,-13889,88570,6065,19954,15,Wood,4
355,40,20,0,False,2022-08-28T13:00:00Z,1,1,4,0,0,0,0,0,0,0,0,0,0,0,0,0,0.0,0.0,0.0,0.0,44,-6765,75541,1889,8654,15,Dubravka,1
356,40,20,0,False,2022-08-28T13:00:00Z,1,1,4,0,0,0,0,0,0,0,0,0,0,0,0,0,0.0,0.0,0.0,0.0,74,-80584,201722,37717,118301,15,Wilson,4
357,40,20,2,False,2022-08-28T13:00:00Z,1,1,4,90,0,0,0,1,0,0,0,0,0,0,0,14,14.0,31.5,0.0,4.6,51,582173,2703686,662996,80823,15,Trippier,2
358,40,20,2,False,2022-08-28T13:00:00Z,1,1,4,64,0,0,0,1,0,0,0,0,0,0,0,7,9.2,4.6,2.0,1.6,45,6218,149764,20204,13986,15,Burn,2
359,40,20,1,False,2022-08-28T13:00:00Z,1,1,4,25,0,0,0,0,0,0,0,0,0,0,0,7,8.6,29.4,2.0,4.0,53,-2608,7803,142,2750,15,Fraser,3
360,40,20,0,False,2022-08-28T13:00:00Z,1,1,4,0,0,0,0,0,0,0,0,0,0,0,0,0,0.0,0.0,0.0,0.0,44,-833,10256,317,1150,15,Lascelles,2
361,40,20,0,False,2022-08-28T13:00:00Z,1,1,4,0,0,0,0,0,0,0,0,0,0,0,0,0,0.0,0.0,0.0,0.0,45,-1422,11639,0,1422,15,Gayle,4
362,40,20,0,False,2022-08-28T13:00:00Z,1,1,4,0,0,0,0,0,0,0,0,0,0,0,0,0,0.0,0.0,0.0,0.0,40,-2792,48781,2294,5086,15,Dummett,2
363,40,20,0,False,2022-08-28T13:00:00Z,1,1,4,0,0,0,0,0,0,0,0,0,0,0,0,0,0.0,0.0,0.0,0.0,44,-621,6300,145,766,15,Manquillo,2
364,40,20,0,False,2022-08-28T13:00:00Z,1,1,4,0,0,0,0,0,0,0,0,0,0,0,0,0,0.0,0.0,0.0,0.0,44,-408,3785,154,562,15,Krafth,2
365,40,20,1,False,2022-08-28T13:00:00Z,1,1,4,6,0,0,0,0,0,0,0,0,0,0,0,3,0.4,0.6,0.0,0.1,44,-56643,459642,17966,74609,15,Murphy,3
366,40,20,1,False,2022-08-28T13:00:00Z,1,1,4,90,0,0,0,1,0,0,0,1,0,0,0,11,13.2,31.1,11.0,5.5,47,86674,830397,164452,77778,15,Schär,2
367,40,20,1,False,2022-08-28T13:00:00Z,1,1,4,25,0,0,0,0,0,0,0,0,0,0,0,5,4.4,4.9,8.0,1.7,49,-15221,71987,1600,16821,15,Targett,2
368,40,20,9,False,2022-08-28T13:00:00Z,1,1,4,90,1,0,0,1,0,0,0,0,0,0,2,22,44.8,14.3,53.0,11.2,65,252902,897280,313410,60508,15,Saint-Maximin,3
369,40,20,2,False,2022-08-28T13:00:00Z,1,1,4,83,0,0,0,1,0,0,0,0,0,0,0,10,4.2,4.6,48.0,5.7,50,30973,155644,53094,22121,15,Almirón,3
370,40,20,2,False,2022-08-28T13:00:00Z,1,1,4,90,0,0,0,1,0,0,0,0,0,0,0,7,10.2,3.1,26.0,3.9,45,-10373,84722,2639,13012,15,S.Longstaff,3
371,40,20,2,False,2022-08-28T13:00:00Z,1,1,4,90,0,0,0,1,0,0,0,0,0,0,0,10,26.2,41.3,25.0,9.3,60,-7801,64140,4294,12095,15,Joelinton,3
372,40,20,0,False,2022-08-28T13:00:00Z,1,1,4,0,0,0,0,0,0,0,0,0,0,0,0,0,0.0,0.0,0.0,0.0,44,-169,2214,62,231,15,Lewis,2
373,40,20,2,False,2022-08-28T13:00:00Z,1,1,4,83,0,0,0,1,0,0,0,0,0,0,0,5,6.8,37.8,18.0,6.3,50,-6049,47723,2798,8847,15,Willock,3
374,40,20,0,False,2022-08-28T13:00:00Z,1,1,4,0,0,0,0,0,0,0,0,0,0,0,0,0,0.0,0.0,0.0,0.0,58,-146764,615468,18757,165521,15,Bruno Guimarães,3
375,40,20,0,False,2022-08-28T13:00:00Z,1,1,4,0,0,0,0,0,0,0,0,0,0,0,0,0,0.0,0.0,0.0,0.0,45,-37,350,0,37,15,Hendrick,3
376,40,20,3,False,2022-08-28T13:00:00Z,1,1,4,90,0,0,0,1,0,0,0,0,0,3,0,16,24.6,0.0,0.0,2.5,50,109553,632874,143612,34059,15,Pope,1
377,40,20,2,False,2022-08-28T13:00:00Z,1,1,4,90,0,0,0,1,0,0,0,0,0,0,0,14,18.6,1.1,6.0,2.6,45,-4792,193679,11686,16478,15,Botman,2
378,38,18,0,True,2022-08-28T15:30:00Z,0,2,4,0,0,0,0,0,0,0,0,0,0,0,0,0,0.0,0.0,0.0,0.0,44,1233,24811,6011,4778,16,Arter,3
379,38,18,1,True,2022-08-28T15:30:00Z,0,2,4,74,0,0,0,1,0,0,0,1,0,0,0,7,10.4,11.0,4.0,2.5,45,-667,12806,553,1220,16,Cook,2
380,38,18,0,True,2022-08-28T15:30:00Z,0,2,4,0,0,0,0,0,0,0,0,0,0,0,0,0,0.0,0.0,0.0,0.0,45,-81738,872573,37119,118857,16,Taylor,4
381,38,18,0,True,2022-08-28T15:30:00Z,0,2,4,0,0,0,0,0,0,0,0,0,0,0,0,0,0.0,0.0,0.0,0.0,44,-25183,100822,1078,26261,16,Colback,3
382,38,18,0,True,2022-08-28T15:30:00Z,0,2,4,0,0,0,0,0,0,0,0,0,0,0,0,0,0.0,0.0,0.0,0.0,45,-11,231,0,11,16,Samba,1
383,38,18,0,True,2022-08-28T15:30:00Z,0,2,4,0,0,0,0,0,0,0,0,0,0,0,0,0,0.0,0.0,0.0,0.0,44,-1351,40560,6785,8136,16,Cafú,3
384,38,18,0,True,2022-08-28T15:30:00Z,0,2,4,0,0,0,0,0,0,0,0,0,0,0,0,0,0.0,0.0,0.0,0.0,49,-1084,2521,0,1084,16,Lolley,3
385,38,18,0,True,2022-08-28T15:30:00Z,0,2,4,90,0,0,0,2,0,0,0,1,0,0,0,17,28.8,26.3,2.0,5.7,45,-641,12085,534,1175,16,McKenna,2
386,38,18,0,True,2022-08-28T15:30:00Z,0,2,4,0,0,0,0,0,0,0,0,0,0,0,0,0,0.0,0.0,0.0,0.0,40,-1709,13643,0,1709,16,Dräger,2
387,38,18,2,True,2022-08-28T15:30:00Z,0,2,4,74,0,0,0,1,0,0,0,0,0,0,0,13,3.8,13.0,64.0,8.1,50,-53,2946,205,258,16,Yates,3
388,38,18,0,True,2022-08-28T15:30:00Z,0,2,4,90,0,0,0,2,0,0,0,1,0,0,0,12,26.2,3.2,6.0,3.5,45,-1674,12295,277,1951,16,Worrall,2
389,38,18,0,True,2022-08-28T15:30:00Z,0,2,4,0,0,0,0,0,0,0,0,0,0,0,0,0,0.0,0.0,0.0,0.0,40,-125,1455,0,125,16,Panzo,2
390,38,18,0,True,2022-08-28T15:30:00Z,0,2,4,0,0,0,0,0,0,0,0,0,0,0,0,0,0.0,0.0,0.0,0.0,50,-172,691,0,172,16,Xande Silva,3
391,38,18,1,True,2022-08-28T15:30:00Z,0,2,4,1,0,0,0,0,0,0,0,0,0,0,0,3,0.2,0.1,0.0,0.0,50,-19824,127412,5672,25496,16,Surridge,4
392,38,18,0,True,2022-08-28T15:30:00Z,0,2,4,0,0,0,0,0,0,0,0,0,0,0,0,0,0.0,0.0,0.0,0.0,45,-404,1916,0,404,16,Laryea,2
393,38,18,0,True,2022-08-28T15:30:00Z,0,2,4,0,0,0,0,0,0,0,0,0,0,0,0,0,0.0,0.0,0.0,0.0,44,-411,3810,81,492,16,Mbe Soh,2
394,38,18,1,True,2022-08-28T15:30:00Z,0,2,4,90,0,0,0,2,0,0,0,1,0,0,0,5,1.6,3.3,26.0,3.1,59,12784,164821,31958,19174,16,Johnson,4
395,38,18,0,True,2022-08-28T15:30:00Z,0,2,4,0,0,0,0,0,0,0,0,0,0,0,0,0,0.0,0.0,0.0,0.0,49,-344,2291,80,424,16,Mighten,3
396,38,18,0,True,2022-08-28T15:30:00Z,0,2,4,0,0,0,0,0,0,0,0,0,0,0,0,0,0.0,0.0,0.0,0.0,45,-1672,6374,0,1672,16,Ojeda,3
397,38,18,1,True,2022-08-28T15:30:00Z,0,2,4,15,0,0,0,1,0,0,0,0,0,0,0,3,1.4,10.5,0.0,1.2,59,-17503,125203,10588,28091,16,Awoniyi,4
398,38,18,9,True,2022-08-28T15:30:00Z,0,2,4,90,0,0,0,2,0,1,0,0,0,4,2,30,52.2,0.0,0.0,5.2,46,104903,937244,161401,56498,16,Henderson,1
399,38,18,0,True,2022-08-28T15:30:00Z,0,2,4,0,0,0,0,0,0,0,0,0,0,0,0,0,0.0,0.0,0.0,0.0,44,-767,6147,110,877,16,Biancone,2
400,39,14,0,True,2022-08-27T11:30:00Z,0,1,4,0,0,0,0,0,0,0,0,0,0,0,0,0,0.0,0.0,0.0,0.0,49,26,2093,339,313,17,Walcott,3
401,39,14,0,True,2022-08-27T11:30:00Z,0,1,4,0,0,0,0,0,0,0,0,0,0,0,0,0,0.0,0.0,0.0,0.0,44,-1655,23586,295,1950,17,McCarthy,1
402,39,14,0,True,2022-08-27T11:30:00Z,0,1,4,0,0,0,0,0,0,0,0,0,0,0,0,0,0.0,0.0,0.0,0.0,49,-1283,8247,174,1457,17,Romeu,3
403,39,14,0,True,2022-08-27T11:30:00Z,0,1,4,0,0,0,0,0,0,0,0,0,0,0,0,0,0.0,0.0,0.0,0.0,54,-800,5352,145,945,17,Redmond,3
404,39,14,0,True,2022-08-27T11:30:00Z,0,1,4,0,0,0,0,0,0,0,0,0,0,0,0,0,0.0,0.0,0.0,0.0,44,-408,4950,143,551,17,Stephens,2
405,39,14,1,True,2022-08-27T11:30:00Z,0,1,4,27,0,0,0,0,0,0,0,0,0,0,0,7,11.0,15.1,0.0,2.6,49,-1346,9160,580,1926,17,S.Armstrong,3
406,39,14,2,True,2022-08-27T11:30:00Z,0,1,4,62,0,0,0,1,0,0,0,0,0,0,0,9,9.2,29.2,8.0,4.6,54,-763,7118,243,1006,17,Elyounoussi,3
407,39,14,2,True,2022-08-27T11:30:00Z,0,1,4,90,0,0,0,1,0,0,0,0,0,0,0,19,24.2,67.8,2.0,9.4,65,-32033,965151,57187,89220,17,Ward-Prowse,3
408,39,14,2,True,2022-08-27T11:30:00Z,0,1,4,76,0,0,0,1,0,0,0,0,0,0,0,8,9.6,25.7,25.0,6.0,55,-3965,78732,10596,14561,17,A.Armstrong,4
409,39,14,2,True,2022-08-27T11:30:00Z,0,1,4,90,0,0,0,1,0,0,0,0,0,0,0,8,16.2,14.1,8.0,3.8,45,1973,124217,11546,9573,17,Walker-Peters,2
410,39,14,0,True,2022-08-27T11:30:00Z,0,1,4,0,0,0,0,0,0,0,0,0,0,0,0,0,0.0,0.0,0.0,0.0,44,-4589,35819,548,5137,17,Bednarek,2
411,39,14,2,True,2022-08-27T11:30:00Z,0,1,4,90,0,0,0,1,0,0,0,0,0,0,0,6,2.6,12.0,64.0,7.9,64,34038,97472,44314,10276,17,Adams,4
412,39,14,0,True,2022-08-27T11:30:00Z,0,1,4,0,0,0,0,0,0,0,0,0,0,0,0,0,0.0,0.0,0.0,0.0,50,-42,279,0,42,17,Tella,3
413,39,14,1,True,2022-08-27T11:30:00Z,0,1,4,1,0,0,0,0,0,0,0,0,0,0,0,2,0.2,0.3,2.0,0.3,45,-239,3824,77,316,17,Lyanco,2
414,39,14,0,True,2022-08-27T11:30:00Z,0,1,4,0,0,0,0,0,0,0,0,0,0,0,0,0,0.0,0.0,0.0,0.0,40,-3902,82239,3754,7656,17,Valery,2
415,39,14,0,True,2022-08-27T11:30:00Z,0,1,4,0,0,0,0,0,0,0,0,0,0,0,0,0,0.0,0.0,0.0,0.0,45,-172,1440,0,172,17,Smallbone,3
416,39,14,0,True,2022-08-27T11:30:00Z,0,1,4,0,0,0,0,0,0,0,0,0,0,0,0,0,0.0,0.0,0.0,0.0,44,-4483,56430,4543,9026,17,Diallo,3
417,39,14,1,True,2022-08-27T11:30:00Z,0,1,4,1,0,0,0,0,0,0,0,0,0,0,0,3,0.0,0.5,0.0,0.1,45,-900,3157,28,928,17,Perraud,2
418,39,14,2,True,2022-08-27T11:30:00Z,0,1,4,88,0,0,0,1,0,0,0,0,0,0,0,8,11.8,12.2,2.0,2.6,50,-2194,12298,946,3140,17,Djenepo,3
419,39,14,0,True,2022-08-27T11:30:00Z,0,1,4,0,0,0,0,0,0,0,0,0,0,0,0,0,0.0,0.0,0.0,0.0,45,-206,1473,75,281,17,Livramento,2
420,39,14,2,True,2022-08-27T11:30:00Z,0,1,4,90,0,0,0,1,0,0,0,0,0,0,0,10,14.2,0.4,4.0,1.9,44,-487,14499,1092,1579,17,Salisu,2
421,39,14,0,True,2022-08-27T11:30:00Z,0,1,4,0,0,0,0,0,0,0,0,0,0,0,0,0,0.0,0.0,0.0,0.0,40,-907,30385,563,1470,17,Lis,1
422,39,14,3,True,2022-08-27T11:30:00Z,0,1,4,90,0,0,0,1,0,0,0,0,0,3,0,17,28.0,10.0,0.0,3.8,45,-1441,62897,2815,4256,17,Bazunu,1
423,39,14,2,True,2022-08-27T11:30:00Z,0,1,4,90,0,0,0,1,0,0,0,0,0,0,0,9,16.2,1.4,27.0,4.5,45,1268,9314,1998,730,17,Bella-Kotchap,2
424,39,14,0,True,2022-08-27T11:30:00Z,0,1,4,0,0,0,0,0,0,0,0,0,0,0,0,0,0.0,0.0,0.0,0.0,40,-2978,108101,1623,4601,17,Caballero,1
425,38,16,6,False,2022-08-28T15:30:00Z,0,2,4,90,0,0,1,0,0,0,0,0,0,1,0,25,9.2,0.0,0.0,0.9,55,29435,469788,54645,25210,18,Lloris,1
426,38,16,0,False,2022-08-28T15:30:00Z,0,2,4,0,0,0,0,0,0,0,0,0,0,0,0,0,0.0,0.0,0.0,0.0,40,-22377,504350,4445,26822,18,Forster,1
427,38,16,10,False,2022-08-28T15:30:00Z,0,2,4,90,2,0,1,0,0,0,1,1,0,0,3,45,90.6,39.8,84.0,21.4,114,33207,1710032,145546,112339,18,Kane,4
428,38,16,3,False,2022-08-28T15:30:00Z,0,2,4,73,0,0,1,0,0,0,0,0,0,0,0,2,5.8,31.3,22.0,5.9,119,-285353,1455914,30666,316019,18,Son,3
429,38,16,0,False,2022-08-28T15:30:00Z,0,2,4,0,0,0,0,0,0,0,0,0,0,0,0,0,0.0,0.0,0.0,0.0,47,-11813,37365,1381,13194,18,Doherty,2
430,38,16,6,False,2022-08-28T15:30:00Z,0,2,4,90,0,0,1,0,0,0,0,0,0,0,0,23,12.0,0.3,0.0,1.2,50,25869,484251,60069,34200,18,Dier,2
431,38,16,0,False,2022-08-28T15:30:00Z,0,2,4,0,0,0,0,0,0,0,0,0,0,0,0,0,0.0,0.0,0.0,0.0,59,-7000,26826,1246,8246,18,Lucas Moura,3
432,38,16,6,False,2022-08-28T15:30:00Z,0,2,4,90,0,0,1,0,0,0,0,0,0,0,0,27,15.2,0.6,1.0,1.7,50,3654,93806,11111,7457,18,Davies,2
433,38,16,3,False,2022-08-28T15:30:00Z,0,2,4,90,0,0,1,0,0,0,0,0,0,0,0,18,24.8,39.5,4.0,6.8,55,-6686,165117,25665,32351,18,Højbjerg,3
434,38,16,0,False,2022-08-28T15:30:00Z,0,2,4,0,0,0,0,0,0,0,0,0,0,0,0,0,0.0,0.0,0.0,0.0,45,-26298,176471,4406,30704,18,Winks,3
435,38,16,7,False,2022-08-28T15:30:00Z,0,2,4,90,0,0,1,0,0,0,0,0,0,0,1,28,24.4,0.5,0.0,2.5,44,10359,76796,17237,6878,18,Sánchez,2
436,38,16,1,False,2022-08-28T15:30:00Z,0,2,4,16,0,0,0,0,0,0,0,0,0,0,0,1,3.0,0.6,2.0,0.6,45,-46700,173321,8651,55351,18,R.Sessegnon,2
437,38,16,0,False,2022-08-28T15:30:00Z,0,2,4,0,0,0,0,0,0,0,0,0,0,0,0,0,0.0,0.0,0.0,0.0,55,-19,204,0,19,18,Bergwijn,3
438,38,16,0,False,2022-08-28T15:30:00Z,0,2,4,0,0,0,0,0,0,0,0,0,0,0,0,0,0.0,0.0,0.0,0.0,43,-26962,118327,4486,31448,18,Reguilón,2
439,38,16,0,False,2022-08-28T15:30:00Z,0,2,4,0,0,0,0,0,0,0,0,0,0,0,0,0,0.0,0.0,0.0,0.0,40,-26664,301010,7991,34655,18,Tanganga,2
440,38,16,3,False,2022-08-28T15:30:00Z,0,2,4,90,0,0,1,0,0,0,0,0,0,0,0,13,15.8,0.8,0.0,1.7,55,-3616,35723,3362,6978,18,Bentancur,3
441,38,16,0,False,2022-08-28T15:30:00Z,0,2,4,0,0,0,0,0,0,0,0,0,0,0,0,0,0.0,0.0,0.0,0.0,45,-1173,8368,107,1280,18,Skipp,3
442,38,16,0,False,2022-08-28T15:30:00Z,0,2,4,0,0,0,0,0,0,0,0,0,0,0,0,0,0.0,0.0,0.0,0.0,40,-790,6775,0,790,18,Rodon,2
443,38,16,0,False,2022-08-28T15:30:00Z,0,2,4,0,0,0,0,0,0,0,0,0,0,0,0,0,0.0,0.0,0.0,0.0,49,-59274,135434,1171,60445,18,Romero,2
444,38,16,1,False,2022-08-28T15:30:00Z,0,2,4,7,0,0,0,0,0,0,0,0,0,0,0,7,9.0,0.9,0.0,1.0,49,-8806,48084,2282,11088,18,Bissouma,3
445,38,16,6,False,2022-08-28T15:30:00Z,0,2,4,90,0,0,1,0,0,0,0,0,0,0,0,25,10.6,2.5,4.0,1.7,50,88421,399138,131609,43188,18,Emerson Royal,2
446,38,16,6,False,2022-08-28T15:30:00Z,0,2,4,82,0,1,1,0,0,0,0,0,0,0,0,21,21.8,35.9,44.0,10.2,82,-43869,1445786,158514,202383,18,Kulusevski,3
447,38,16,0,False,2022-08-28T15:30:00Z,0,2,4,0,0,0,0,0,0,0,0,0,0,0,0,0,0.0,0.0,0.0,0.0,45,-732,6809,0,732,18,Scarlett,4
448,38,16,6,False,2022-08-28T15:30:00Z,0,2,4,73,0,0,1,0,0,0,0,0,0,0,0,18,6.4,1.4,12.0,2.0,55,694633,2386846,761145,66512,18,Perišić,2
449,38,16,0,False,2022-08-28T15:30:00Z,0,2,4,0,0,0,0,0,0,0,0,0,0,0,0,0,0.0,0.0,0.0,0.0,45,-5194,35403,1284,6478,18,White,3
450,38,16,0,False,2022-08-28T15:30:00Z,0,2,4,0,0,0,0,0,0,0,0,0,0,0,0,0,0.0,0.0,0.0,0.0,44,-2187,51455,6860,9047,18,Sarr,3
451,38,16,0,False,2022-08-28T15:30:00Z,0,2,4,0,0,0,0,0,0,0,0,0,0,0,0,0,0.0,0.0,0.0,0.0,40,-1083,33341,810,1893,18,Austin,1
452,38,16,0,False,2022-08-28T15:30:00Z,0,2,4,0,0,0,0,0,0,0,0,0,0,0,0,0,0.0,0.0,0.0,0.0,45,-1129,8833,321,1450,18,Devine,3
453,38,16,0,False,2022-08-28T15:30:00Z,0,2,4,0,0,0,0,0,0,0,0,0,0,0,0,0,0.0,0.0,0.0,0.0,45,-1127,11008,0,1127,18,Parrott,4
454,38,16,4,False,2022-08-28T15:30:00Z,0,2,4,16,0,1,0,0,0,0,0,0,0,0,0,13,20.2,15.3,26.0,6.2,85,-9652,70833,9662,19314,18,Richarlison,4
455,32,2,8,False,2022-08-28T13:00:00Z,0,1,4,90,0,0,1,0,0,0,0,0,0,3,1,27,19.2,0.0,0.0,1.9,50,-5420,99260,2797,8217,19,Fabianski,1
456,32,2,0,False,2022-08-28T13:00:00Z,0,1,4,0,0,0,0,0,0,0,0,0,0,0,0,0,0.0,0.0,0.0,0.0,45,-240,5973,238,478,19,Ogbonna,2
457,32,2,6,False,2022-08-28T13:00:00Z,0,1,4,90,0,0,1,0,0,0,0,0,0,0,0,26,13.8,5.8,8.0,2.8,50,-53162,257633,5437,58599,19,Cresswell,2
458,32,2,1,False,2022-08-28T13:00:00Z,0,1,4,25,0,0,0,0,0,0,0,0,0,0,0,2,1.6,1.2,2.0,0.5,73,-54087,270009,11583,65670,19,Antonio,4
459,32,2,0,False,2022-08-28T13:00:00Z,0,1,4,0,0,0,0,0,0,0,0,0,0,0,0,0,0.0,0.0,0.0,0.0,49,-4166,21525,66,4232,19,Dawson,2
460,32,2,0,False,2022-08-28T13:00:00Z,0,1,4,0,0,0,0,0,0,0,0,0,0,0,0,0,0.0,0.0,0.0,0.0,54,-5634,22700,754,6388,19,Lanzini,3
461,32,2,9,False,2022-08-28T13:00:00Z,0,1,4,90,0,0,1,0,0,0,0,0,0,0,3,30,29.8,0.2,0.0,3.0,45,-14526,130609,3586,18112,19,Zouma,2
462,32,2,0,False,2022-08-28T13:00:00Z,0,1,4,0,0,0,0,0,0,0,0,0,0,0,0,0,0.0,0.0,0.0,0.0,45,-213,1227,0,213,19,Masuaku,2
463,32,2,6,False,2022-08-28T13:00:00Z,0,1,4,67,0,0,1,0,0,0,0,0,0,0,0,21,8.4,1.8,0.0,1.0,45,-28222,78549,669,28891,19,Coufal,2
464,32,2,1,False,2022-08-28T13:00:00Z,0,1,4,45,0,0,0,0,0,0,0,0,0,0,0,6,7.2,18.5,5.0,3.1,59,-45211,150695,6698,51909,19,Benrahma,3
465,32,2,3,False,2022-08-28T13:00:00Z,0,1,4,90,0,0,1,0,0,0,0,0,0,0,0,4,7.8,1.2,30.0,3.9,83,-126306,358940,6981,133287,19,Bowen,3
466,32,2,0,False,2022-08-28T13:00:00Z,0,1,4,0,0,0,0,0,0,0,0,0,0,0,0,0,0.0,0.0,0.0,0.0,50,-454,1666,0,454,19,Vlasic,3
467,32,2,6,False,2022-08-28T13:00:00Z,0,1,4,90,0,1,1,0,0,0,0,0,0,0,0,22,29.8,22.5,1.0,5.3,49,-79646,465152,13333,92979,19,Rice,3
468,32,2,3,False,2022-08-28T13:00:00Z,0,1,4,90,0,0,1,0,0,0,0,0,0,0,0,12,13.0,11.1,0.0,2.4,54,-25499,121347,3119,28618,19,Soucek,3
469,32,2,11,False,2022-08-28T13:00:00Z,0,1,4,90,1,0,1,0,0,0,0,0,0,0,3,30,45.4,10.9,20.0,7.6,54,-28051,88066,1257,29308,19,Fornals,3
470,31,1,1,False,2022-08-27T16:30:00Z,2,1,4,11,0,0,0,1,0,0,0,0,0,0,0,4,7.2,0.0,0.0,0.7,44,-1569,13896,264,1833,9,Diop,2
471,32,2,1,False,2022-08-28T13:00:00Z,0,1,4,22,0,0,0,0,0,0,0,0,0,0,0,6,4.4,0.1,0.0,0.5,45,-1142,11623,372,1514,19,Johnson,2
472,32,2,0,False,2022-08-28T13:00:00Z,0,1,4,0,0,0,0,0,0,0,0,0,0,0,0,0,0.0,0.0,0.0,0.0,49,-733,4800,105,838,19,Aguerd,2
473,32,2,0,False,2022-08-28T13:00:00Z,0,1,4,0,0,0,0,0,0,0,0,0,0,0,0,0,0.0,0.0,0.0,0.0,45,-12391,126965,2724,15115,19,Areola,1
474,40,15,0,True,2022-08-28T13:00:00Z,1,1,4,0,0,0,0,0,0,0,0,0,0,0,0,0,0.0,0.0,0.0,0.0,44,-3369,20909,380,3749,20,Boly,2
475,33,4,8,False,2022-08-27T14:00:00Z,1,1,4,90,0,1,0,1,0,0,0,0,0,0,3,26,34.4,13.3,0.0,4.8,49,-33394,281942,4285,37679,8,Coady,2
476,40,15,2,True,2022-08-28T13:00:00Z,1,1,4,90,0,0,0,1,0,0,0,0,0,0,0,2,7.6,2.6,37.0,4.7,69,6388,29054,9525,3137,20,Jiménez,4
477,40,15,2,True,2022-08-28T13:00:00Z,1,1,4,90,0,0,0,1,0,0,0,0,0,0,0,8,15.6,5.3,0.0,2.1,45,-4283,50490,2472,6755,20,Jonny,2
478,40,15,3,True,2022-08-28T13:00:00Z,1,1,4,90,0,0,0,1,0,0,0,0,0,5,0,20,33.8,0.0,0.0,3.4,50,21558,447476,53958,32400,20,Sá,1
479,40,15,1,True,2022-08-28T13:00:00Z,1,1,4,1,0,0,0,0,0,0,0,0,0,0,0,3,0.0,0.0,0.0,0.0,50,-2481,13836,461,2942,20,Dendoncker,3
480,40,15,10,True,2022-08-28T13:00:00Z,1,1,4,90,1,0,0,1,0,0,0,0,0,0,3,35,73.8,11.4,23.0,10.8,55,-17441,149705,8228,25669,20,Neves,3
481,40,15,1,True,2022-08-28T13:00:00Z,1,1,4,6,0,0,0,1,0,0,0,0,0,0,0,3,0.0,0.0,2.0,0.2,59,-13310,32012,779,14089,20,Hwang,3
482,40,15,1,True,2022-08-28T13:00:00Z,1,1,4,90,0,0,0,1,0,0,0,1,0,0,0,14,31.4,16.2,0.0,4.8,50,911,10072,2511,1600,20,Semedo,2
483,40,15,1,True,2022-08-28T13:00:00Z,1,1,4,7,0,0,0,1,0,0,0,0,0,0,0,3,0.0,0.3,0.0,0.0,55,-38579,144768,8920,47499,20,Podence,3
484,40,15,2,True,2022-08-28T13:00:00Z,1,1,4,90,0,0,0,1,0,0,0,0,0,0,0,12,32.0,0.2,0.0,3.2,45,-577,75501,6710,7287,20,Kilman,2
485,40,15,0,True,2022-08-28T13:00:00Z,1,1,4,0,0,0,0,0,0,0,0,0,0,0,0,0,0.0,0.0,0.0,0.0,44,292,40408,6015,5723,20,Cundle,3
486,40,15,2,True,2022-08-28T13:00:00Z,1,1,4,83,0,0,1,0,0,0,0,1,0,0,0,-3,1.6,16.3,29.0,4.7,53,-317935,867136,21138,339073,20,Neto,3
487,40,15,0,True,2022-08-28T13:00:00Z,1,1,4,0,0,0,0,0,0,0,0,0,0,0,0,0,0.0,0.0,0.0,0.0,45,-9320,150838,11862,21182,20,Aït-Nouri,2
488,40,15,0,True,2022-08-28T13:00:00Z,1,1,4,0,0,0,0,0,0,0,0,0,0,0,0,0,0.0,0.0,0.0,0.0,55,-398,2618,0,398,20,Fabio Silva,4
489,40,15,0,True,2022-08-28T13:00:00Z,1,1,4,0,0,0,0,0,0,0,0,0,0,0,0,0,0.0,0.0,0.0,0.0,40,-3454,83620,4943,8397,20,Toti,2
490,40,15,0,True,2022-08-28T13:00:00Z,1,1,4,0,0,0,0,0,0,0,0,0,0,0,0,0,0.0,0.0,0.0,0.0,50,4,323,58,54,20,Chiquinho,3
491,40,15,0,True,2022-08-28T13:00:00Z,1,1,4,0,0,0,0,0,0,0,0,0,0,0,0,0,0.0,0.0,0.0,0.0,55,-190,15646,2536,2726,20,Adama,3
492,40,15,0,True,2022-08-28T13:00:00Z,1,1,4,0,0,0,0,0,0,0,0,0,0,0,0,0,0.0,0.0,0.0,0.0,40,-5315,202180,3460,8775,20,Šarkić,1
493,38,18,2,True,2022-08-28T15:30:00Z,0,2,4,90,0,0,0,2,0,0,0,0,0,0,0,7,4.2,36.3,15.0,5.6,55,-175,16516,3186,3361,16,Gibbs-White,3
494,40,15,0,True,2022-08-28T13:00:00Z,1,1,4,0,0,0,0,0,0,0,0,0,0,0,0,0,0.0,0.0,0.0,0.0,40,-4255,77485,2223,6478,20,Mosquera,2
495,37,13,0,False,2022-08-27T14:00:00Z,4,2,4,0,0,0,0,0,0,0,0,0,0,0,0,0,0.0,0.0,0.0,0.0,40,-172,3725,0,172,7,Matthews,1
496,37,13,0,False,2022-08-27T14:00:00Z,4,2,4,0,0,0,0,0,0,0,0,0,0,0,0,0,0.0,0.0,0.0,0.0,45,-13454,115719,4325,17779,7,Plange,4
497,36,3,0,True,2022-08-27T14:00:00Z,9,0,4,0,0,0,0,0,0,0,0,0,0,0,0,0,0.0,0.0,0.0,0.0,40,-1883,73858,2764,4647,12,Adrián,1
498,36,3,0,True,2022-08-27T14:00:00Z,9,0,4,0,0,0,0,0,0,0,0,0,0,0,0,0,0.0,0.0,0.0,0.0,40,-76,832,0,76,12,R.Williams,2
499,36,3,0,True,2022-08-27T14:00:00Z,9,0,4,0,0,0,0,0,0,0,0,0,0,0,0,0,0.0,0.0,0.0,0.0,40,-59,630,0,59,12,Davies,2
500,36,3,0,True,2022-08-27T14:00:00Z,9,0,4,0,0,0,0,0,0,0,0,0,0,0,0,0,0.0,0.0,0.0,0.0,40,-248,31453,3365,3613,12,Van den Berg,2
501,36,3,0,True,2022-08-27T14:00:00Z,9,0,4,0,0,0,0,0,0,0,0,0,0,0,0,0,0.0,0.0,0.0,0.0,40,2188,48328,9908,7720,12,Phillips,2
502,37,7,0,True,2022-08-27T14:00:00Z,4,2,4,0,0,0,0,0,0,0,0,0,0,0,0,0,0.0,0.0,0.0,0.0,40,-706,13003,274,980,13,Carson,1
503,40,15,2,True,2022-08-28T13:00:00Z,1,1,4,90,0,0,0,1,0,0,0,0,0,0,0,9,14.8,11.8,8.0,3.5,49,-6903,62964,2499,9402,20,Moutinho,3
504,39,17,8,False,2022-08-27T11:30:00Z,0,1,4,90,0,0,1,0,0,0,0,0,0,0,2,30,20.4,2.2,2.0,2.5,44,46308,226312,62706,16398,14,Malacia,2
505,36,12,0,False,2022-08-27T14:00:00Z,9,0,4,0,0,0,0,0,0,0,0,0,0,0,0,0,0.0,0.0,0.0,0.0,49,-4,549,65,69,3,Rothwell,3
506,34,5,2,False,2022-08-27T14:00:00Z,1,0,4,90,0,0,0,1,0,0,0,0,0,0,0,6,12.0,14.5,2.0,2.9,50,108,18459,3116,3008,11,Adams,3
507,38,18,0,True,2022-08-28T15:30:00Z,0,2,4,0,0,0,0,0,0,0,0,0,0,0,0,0,0.0,0.0,0.0,0.0,44,-3327,9405,112,3439,16,Niakhaté,2
508,34,5,1,False,2022-08-27T14:00:00Z,1,0,4,31,0,0,0,1,0,0,0,0,0,0,0,-2,0.0,1.0,7.0,0.7,65,-1123,14768,1569,2692,11,Sinisterra,3
509,32,2,0,False,2022-08-28T13:00:00Z,0,1,4,0,0,0,0,0,0,0,0,0,0,0,0,0,0.0,0.0,0.0,0.0,45,-4334,30960,622,4956,19,Downes,3
510,33,8,1,True,2022-08-27T14:00:00Z,1,1,4,90,0,0,0,1,0,0,0,1,0,0,0,10,12.6,13.9,18.0,4.5,50,-3004,41617,4576,7580,4,Hickey,2
511,38,18,0,True,2022-08-28T15:30:00Z,0,2,4,0,0,0,0,0,0,0,0,0,0,0,0,0,0.0,0.0,0.0,0.0,45,-83,720,19,102,16,Richards,2
512,39,14,2,True,2022-08-27T11:30:00Z,0,1,4,88,0,0,0,1,0,0,0,0,0,0,0,8,6.8,13.4,47.0,6.7,55,-10493,64968,3665,14158,17,Aribo,3
513,38,16,0,False,2022-08-28T15:30:00Z,0,2,4,0,0,0,0,0,0,0,0,0,0,0,0,0,0.0,0.0,0.0,0.0,49,-2819,27582,1583,4402,18,Lenglet,2
514,37,13,2,False,2022-08-27T14:00:00Z,4,2,4,90,0,0,0,4,0,0,0,0,0,0,0,9,17.0,0.6,7.0,2.5,50,-1725,12952,921,2646,7,C.Doucouré,3
515,33,8,4,True,2022-08-27T14:00:00Z,1,1,4,22,0,1,0,0,0,0,0,0,0,0,0,16,19.4,31.8,10.0,6.1,53,-1413,7464,159,1572,4,Lewis-Potter,3
516,40,15,2,True,2022-08-28T13:00:00Z,1,1,4,90,0,0,0,1,0,0,0,0,0,0,0,12,27.6,0.2,2.0,3.0,45,-141,42495,5257,5398,20,Collins,2
517,33,8,0,True,2022-08-27T14:00:00Z,1,1,4,0,0,0,0,0,0,0,0,0,0,0,0,0,0.0,0.0,0.0,0.0,44,-1248,19110,551,1799,4,Strakosha,1
518,38,18,0,True,2022-08-28T15:30:00Z,0,2,4,0,0,0,0,0,0,0,0,0,0,0,0,0,0.0,0.0,0.0,0.0,40,-7305,201276,2721,10026,16,Hennessey,1
519,39,17,3,False,2022-08-27T11:30:00Z,0,1,4,90,0,0,1,0,0,0,0,0,0,0,0,6,9.6,30.7,20.0,6.0,64,-39671,303023,15997,55668,14,Eriksen,3
520,35,10,0,True,2022-08-27T14:00:00Z,2,1,4,0,0,0,0,0,0,0,0,0,0,0,0,0,0.0,0.0,0.0,0.0,55,-489414,793091,22976,512390,6,Koulibaly,2
521,31,1,0,False,2022-08-27T16:30:00Z,2,1,4,0,0,0,0,0,0,0,0,0,0,0,0,0,0.0,0.0,0.0,0.0,45,-335,3061,186,521,9,Francois,3
522,38,16,1,False,2022-08-28T15:30:00Z,0,2,4,1,0,0,0,0,0,0,0,0,0,0,0,3,0.0,0.0,18.0,1.8,43,-7536,36287,494,8030,18,Spence,2
523,38,18,1,True,2022-08-28T15:30:00Z,0,2,4,90,0,0,0,2,0,0,0,0,0,0,0,13,14.8,13.2,0.0,2.8,45,-2112,13733,1708,3820,16,Toffolo,2
524,38,18,1,True,2022-08-28T15:30:00Z,0,2,4,74,0,0,0,1,0,0,0,1,0,0,0,12,8.8,15.8,9.0,3.4,50,-803,5641,323,1126,16,O'Brien,3
525,32,19,0,True,2022-08-28T13:00:00Z,0,1,4,0,0,0,0,0,0,0,0,0,0,0,0,0,0.0,0.0,0.0,0.0,44,-915,6074,139,1054,2,Augustinsson,2
526,33,8,2,True,2022-08-27T14:00:00Z,1,1,4,90,0,0,0,1,0,0,0,0,0,0,0,17,26.6,1.8,4.0,3.2,46,-14012,351329,56202,70214,4,Mee,2
527,38,18,2,True,2022-08-28T15:30:00Z,0,2,4,68,0,0,0,1,0,0,0,0,0,0,0,9,7.2,35.9,14.0,5.7,59,-102766,368337,9615,112381,16,Lingard,3
528,39,14,1,True,2022-08-27T11:30:00Z,0,1,4,13,0,0,0,0,0,0,0,0,0,0,0,1,0.0,0.1,22.0,2.0,55,-550,12453,1608,2158,17,Mara,4
529,32,2,2,False,2022-08-28T13:00:00Z,0,1,4,64,0,0,1,0,0,0,0,0,0,0,0,8,9.4,12.3,9.0,3.1,69,-15044,74541,5727,20771,19,Scamacca,4
530,37,13,0,False,2022-08-27T14:00:00Z,4,2,4,33,0,0,0,3,0,0,0,0,0,0,0,3,3.2,0.9,0.0,0.4,45,-396,6378,192,588,7,Richards,2
531,33,4,1,False,2022-08-27T14:00:00Z,1,1,4,4,0,0,0,0,0,0,0,0,0,0,0,6,3.0,0.3,0.0,0.3,44,-691,5785,115,806,8,Vinagre,2
532,31,1,1,False,2022-08-27T16:30:00Z,2,1,4,11,0,0,0,1,0,0,0,0,0,0,0,4,2.2,0.3,0.0,0.3,45,-4,18995,1884,1888,9,Mbabu,2
533,39,17,6,False,2022-08-27T11:30:00Z,0,1,4,90,0,0,1,0,0,0,0,0,0,0,0,25,18.6,0.6,0.0,1.9,44,47563,291541,67409,19846,14,Martínez,2
534,33,4,2,False,2022-08-27T14:00:00Z,1,1,4,85,0,0,0,1,0,0,0,0,0,0,0,9,7.8,16.0,14.0,3.8,54,-8267,21573,399,8666,8,McNeil,3
535,36,12,2,False,2022-08-27T14:00:00Z,9,0,4,90,0,0,0,9,0,0,0,0,0,0,0,8,10.0,40.1,2.0,5.2,50,-1068,10648,854,1922,3,Tavernier,3
536,38,18,0,True,2022-08-28T15:30:00Z,0,2,4,0,0,0,0,0,0,0,0,0,0,0,0,0,0.0,0.0,0.0,0.0,50,-575,4199,267,842,16,Mangala,3
537,32,19,0,True,2022-08-28T13:00:00Z,0,1,4,0,0,0,0,0,0,0,0,0,0,0,0,0,0.0,0.0,0.0,0.0,40,-1347,8533,0,1347,2,Kesler Hayden,2
538,32,19,0,True,2022-08-28T13:00:00Z,0,1,4,0,0,0,0,0,0,0,0,0,0,0,0,0,0.0,0.0,0.0,0.0,45,-1396,12452,617,2013,2,Young,2
539,36,12,0,False,2022-08-27T14:00:00Z,9,0,4,0,0,0,0,0,0,0,0,0,0,0,0,0,0.0,0.0,0.0,0.0,45,-281,3412,102,383,3,Hill,2
540,33,8,0,True,2022-08-27T14:00:00Z,1,1,4,0,0,0,0,0,0,0,0,0,0,0,0,0,0.0,0.0,0.0,0.0,40,-744,30275,2485,3229,4,Stevens,2
541,33,8,0,True,2022-08-27T14:00:00Z,1,1,4,0,0,0,0,0,0,0,0,0,0,0,0,0,0.0,0.0,0.0,0.0,45,-20319,259686,23957,44276,4,Dervişoğlu,4
542,34,11,0,True,2022-08-27T14:00:00Z,1,0,4,0,0,0,0,0,0,0,0,0,0,0,0,0,0.0,0.0,0.0,0.0,40,-1202,8470,0,1202,5,Scherpen,1
543,34,11,0,True,2022-08-27T14:00:00Z,1,0,4,0,0,0,0,0,0,0,0,0,0,0,0,0,0.0,0.0,0.0,0.0,40,-2743,25953,2034,4777,5,Clarke,2
544,34,11,1,True,2022-08-27T14:00:00Z,1,0,4,2,0,0,0,0,0,0,0,0,0,0,0,3,0.2,0.0,0.0,0.0,40,448,31901,3721,3273,5,Van Hecke,2
545,32,2,1,False,2022-08-28T13:00:00Z,0,1,4,45,0,0,0,0,0,0,0,0,0,0,0,3,0.4,1.5,2.0,0.4,40,9159,58648,16294,7135,19,Emerson,2
546,31,1,0,False,2022-08-27T16:30:00Z,2,1,4,0,0,0,0,0,0,0,0,0,0,0,0,0,0.0,0.0,0.0,0.0,45,-459,4668,394,853,9,Harris,3
547,34,5,0,False,2022-08-27T14:00:00Z,1,0,4,0,0,0,0,0,0,0,0,0,0,0,0,0,0.0,0.0,0.0,0.0,40,-239,11941,958,1197,11,Drameh,2
548,35,6,0,False,2022-08-27T14:00:00Z,2,1,4,0,0,0,0,0,0,0,0,0,0,0,0,0,0.0,0.0,0.0,0.0,39,-33867,200227,20362,54229,10,Iversen,1
549,35,6,0,False,2022-08-27T14:00:00Z,2,1,4,54,0,0,0,1,0,0,0,1,0,0,0,-1,7.6,0.4,0.0,0.8,50,-255,1942,46,301,10,Praet,3
550,39,17,0,False,2022-08-27T11:30:00Z,0,1,4,0,0,0,0,0,0,0,0,0,0,0,0,0,0.0,0.0,0.0,0.0,45,-2007,12384,421,2428,14,Amad,3
551,39,17,0,False,2022-08-27T11:30:00Z,0,1,4,0,0,0,0,0,0,0,0,0,0,0,0,0,0.0,0.0,0.0,0.0,44,-2572,13693,433,3005,14,Iqbal,3
552,40,20,1,False,2022-08-28T13:00:00Z,1,1,4,6,0,0,0,0,0,0,0,0,0,0,0,0,7.6,0.6,26.0,3.4,45,-1508,16591,1707,3215,15,Anderson,3
553,38,18,0,True,2022-08-28T15:30:00Z,0,2,4,0,0,0,0,0,0,0,0,0,0,0,0,0,0.0,0.0,0.0,0.0,45,-475,3942,170,645,16,Hammond,3
554,38,16,0,False,2022-08-28T15:30:00Z,0,2,4,0,0,0,0,0,0,0,0,0,0,0,0,0,0.0,0.0,0.0,0.0,50,-405,2499,143,548,18,Bryan,3
555,32,2,0,False,2022-08-28T13:00:00Z,0,1,4,0,0,0,0,0,0,0,0,0,0,0,0,0,0.0,0.0,0.0,0.0,40,-861,34212,3248,4109,19,Ashby,2
556,32,2,0,False,2022-08-28T13:00:00Z,0,1,4,0,0,0,0,0,0,0,0,0,0,0,0,0,0.0,0.0,0.0,0.0,45,-1572,11953,314,1886,19,Coventry,3
557,40,15,0,True,2022-08-28T13:00:00Z,1,1,4,0,0,0,0,0,0,0,0,0,0,0,0,0,0.0,0.0,0.0,0.0,40,231,85175,5633,5402,20,Smith,1
558,40,15,0,True,2022-08-28T13:00:00Z,1,1,4,0,0,0,0,0,0,0,0,0,0,0,0,0,0.0,0.0,0.0,0.0,40,1119,81440,9663,8544,20,Bueno,2
559,34,11,1,True,2022-08-27T14:00:00Z,1,0,4,11,0,0,0,0,0,0,0,0,0,0,0,4,4.4,0.3,0.0,0.5,45,-459,6430,540,999,5,Colwill,2
560,33,4,0,False,2022-08-27T14:00:00Z,1,1,4,0,0,0,0,0,0,0,0,0,0,0,0,0,0.0,0.0,0.0,0.0,45,-213,1942,217,430,8,Mills,3
561,33,4,0,False,2022-08-27T14:00:00Z,1,1,4,0,0,0,0,0,0,0,0,0,0,0,0,0,0.0,0.0,0.0,0.0,45,-1373,10641,953,2326,8,Warrington,3
562,31,1,0,False,2022-08-27T16:30:00Z,2,1,4,0,0,0,0,0,0,0,0,0,0,0,0,0,0.0,0.0,0.0,0.0,50,-154,620,22,176,9,Solomon,3
563,36,3,0,True,2022-08-27T14:00:00Z,9,0,4,0,0,0,0,0,0,0,0,0,0,0,0,0,0.0,0.0,0.0,0.0,40,-132,5463,623,755,12,Chambers,2
564,36,3,1,True,2022-08-27T14:00:00Z,9,0,4,20,0,0,0,0,0,0,0,0,0,0,0,6,3.8,1.6,0.0,0.5,45,-65,722,84,149,12,Bajcetic,3
565,34,5,0,False,2022-08-27T14:00:00Z,1,0,4,0,0,0,0,0,0,0,0,0,0,0,0,0,0.0,0.0,0.0,0.0,45,-178,5802,1205,1383,11,Gray,3
566,40,15,0,True,2022-08-28T13:00:00Z,1,1,4,0,0,0,0,0,0,0,0,0,0,0,0,0,0.0,0.0,0.0,0.0,45,-431,3351,373,804,20,Hodge,3
567,40,15,0,True,2022-08-28T13:00:00Z,1,1,4,0,0,0,0,0,0,0,0,0,0,0,0,0,0.0,0.0,0.0,0.0,45,-1055,7433,737,1792,20,Ronan,3
568,40,15,0,True,2022-08-28T13:00:00Z,1,1,4,0,0,0,0,0,0,0,0,0,0,0,0,0,0.0,0.0,0.0,0.0,45,-3818,23174,2007,5825,20,Campbell,3
569,39,17,0,False,2022-08-27T11:30:00Z,0,1,4,0,0,0,0,0,0,0,0,0,0,0,0,0,0.0,0.0,0.0,0.0,45,-1730,11570,1336,3066,14,Garnacho,3
570,39,17,0,False,2022-08-27T11:30:00Z,0,1,4,0,0,0,0,0,0,0,0,0,0,0,0,0,0.0,0.0,0.0,0.0,45,-170,1950,286,456,14,Garner,3
571,32,2,0,False,2022-08-28T13:00:00Z,0,1,4,0,0,0,0,0,0,0,0,0,0,0,0,0,0.0,0.0,0.0,0.0,40,247,13419,1497,1250,19,Randolph,1
572,32,2,0,False,2022-08-28T13:00:00Z,0,1,4,0,0,0,0,0,0,0,0,0,0,0,0,0,0.0,0.0,0.0,0.0,45,-810,4183,343,1153,19,Oko-Flex,3
573,37,7,0,True,2022-08-27T14:00:00Z,4,2,4,0,0,0,0,0,0,0,0,0,0,0,0,0,0.0,0.0,0.0,0.0,40,72,7291,1275,1203,13,Lewis,2
574,36,12,0,False,2022-08-27T14:00:00Z,9,0,4,0,0,0,0,0,0,0,0,0,0,0,0,0,0.0,0.0,0.0,0.0,45,-423,6987,576,999,3,Neto,1
575,32,2,0,False,2022-08-28T13:00:00Z,0,1,4,0,0,0,0,0,0,0,0,0,0,0,0,0,0.0,0.0,0.0,0.0,60,-1991,7938,1194,3185,19,Cornet,3
576,36,12,-2,False,2022-08-27T14:00:00Z,9,0,4,90,0,0,0,9,0,0,0,0,0,0,0,10,19.0,0.2,0.0,1.9,45,-137,2141,187,324,3,Senesi,2
577,33,4,3,False,2022-08-27T14:00:00Z,1,1,4,78,0,0,1,0,0,0,0,0,0,0,0,18,16.0,16.1,0.0,3.2,50,-6599,17075,1131,7730,8,Onana,3
578,34,5,0,False,2022-08-27T14:00:00Z,1,0,4,0,0,0,0,0,0,0,0,0,0,0,0,0,0.0,0.0,0.0,0.0,40,225,3594,605,380,11,Robles,1
579,40,15,7,True,2022-08-28T13:00:00Z,1,1,4,82,0,1,1,0,0,0,0,0,0,0,1,21,23.0,25.2,2.0,5.0,60,7366,22748,13720,6354,20,Guedes,3
580,33,8,1,True,2022-08-27T14:00:00Z,1,1,4,12,0,0,0,0,0,0,0,0,0,0,0,3,0.2,1.8,0.0,0.2,55,-2895,12157,1994,4889,4,Damsgaard,3
581,35,6,0,False,2022-08-27T14:00:00Z,2,1,4,0,0,0,0,0,0,0,0,0,0,0,0,0,0.0,0.0,0.0,0.0,40,286,3017,758,472,10,Smithies,1
582,38,18,1,True,2022-08-28T15:30:00Z,0,2,4,15,0,0,0,1,0,0,0,0,0,0,0,2,0.0,0.9,4.0,0.4,50,-117,1085,217,334,16,Freuler,3
583,38,18,0,True,2022-08-28T15:30:00Z,0,2,4,15,0,0,0,1,0,0,0,1,0,0,0,-2,0.2,0.6,2.0,0.3,45,517,5235,1904,1387,16,Kouyaté,3
584,36,3,1,True,2022-08-27T14:00:00Z,9,0,4,7,0,0,0,0,0,0,0,0,0,0,0,1,0.0,0.3,2.0,0.2,45,27,445,104,77,12,Clark,3
585,38,18,1,True,2022-08-28T15:30:00Z,0,2,4,21,0,0,0,1,0,0,0,0,0,0,0,-2,0.0,1.0,14.0,1.4,60,414,15765,5806,5392,16,Dennis,4
586,34,11,6,True,2022-08-27T14:00:00Z,1,0,4,78,0,0,1,0,0,0,0,0,0,0,0,20,16.2,41.2,7.0,6.4,45,2642,6360,3826,1184,5,Estupiñán,2
587,37,7,1,True,2022-08-27T14:00:00Z,4,2,4,6,0,0,0,0,0,0,0,0,0,0,0,1,0.0,0.4,4.0,0.3,45,458,3049,1176,718,13,Sergio Gómez,2
588,32,2,6,False,2022-08-28T13:00:00Z,0,1,4,90,0,0,1,0,0,0,0,0,0,0,0,26,13.6,0.4,0.0,1.4,45,515,2743,973,458,19,Kehrer,2
589,40,15,2,True,2022-08-28T13:00:00Z,1,1,4,90,0,0,0,1,0,0,0,0,0,0,0,5,12.4,2.8,15.0,3.0,50,8740,16866,11496,2756,20,Matheus,3
590,37,13,0,False,2022-08-27T14:00:00Z,4,2,4,0,0,0,0,0,0,0,0,0,0,0,0,0,0.0,0.0,0.0,0.0,40,5316,11393,6164,848,7,Whitworth,1
591,31,1,0,False,2022-08-27T16:30:00Z,2,1,4,0,0,0,0,0,0,0,0,0,0,0,0,0,0.0,0.0,0.0,0.0,45,2336,4772,3155,819,9,Ablade,4
592,36,3,0,True,2022-08-27T14:00:00Z,9,0,4,0,0,0,0,0,0,0,0,0,0,0,0,0,0.0,0.0,0.0,0.0,40,77,339,108,31,12,H.Davies,1
593,39,17,1,False,2022-08-27T11:30:00Z,0,1,4,10,0,0,0,0,0,0,0,0,0,0,0,6,9.4,0.0,0.0,0.9,50,71021,89575,76797,5776,14,Casemiro,3
594,40,20,0,False,2022-08-28T13:00:00Z,1,1,4,0,0,0,0,0,0,0,0,0,0,0,0,0,0.0,0.0,0.0,0.0,70,37788,43144,40649,2861,15,Isak,4
595,33,8,2,True,2022-08-27T14:00:00Z,1,1,4,67,0,0,0,1,0,0,0,0,0,0,0,15,24.8,11.7,2.0,3.9,40,0,0,0,0,4,Zanka,2
596,34,11,0,True,2022-08-27T14:00:00Z,1,0,4,0,0,0,0,0,0,0,0,0,0,0,0,0,0.0,0.0,0.0,0.0,45,0,0,0,0,5,Ferguson,4
597,36,12,0,False,2022-08-27T14:00:00Z,9,0,4,0,0,0,0,0,0,0,0,0,0,0,0,0,0.0,0.0,0.0,0.0,45,0,0,0,0,3,Saydee,4
598,36,12,1,False,2022-08-27T14:00:00Z,9,0,4,8,0,0,0,1,0,0,0,0,0,0,0,3,0.2,0.0,0.0,0.0,40,0,0,0,0,3,Bevan,2
599,37,7,0,True,2022-08-27T14:00:00Z,4,2,4,0,0,0,0,0,0,0,0,0,0,0,0,0,0.0,0.0,0.0,0.0,45,0,0,0,0,13,Gomes,3
600,37,7,0,True,2022-08-27T14:00:00Z,4,2,4,0,0,0,0,0,0,0,0,0,0,0,0,0,0.0,0.0,0.0,0.0,45,0,0,0,0,13,Knight,3
601,37,13,0,False,2022-08-27T14:00:00Z,4,2,4,0,0,0,0,0,0,0,0,0,0,0,0,0,0.0,0.0,0.0,0.0,45,0,0,0,0,7,Rodney,3
