element,fixture,opponent_team,total_points,was_home,kickoff_time,team_h_score,team_a_score,round,minutes,goals_scored,assists,clean_sheets,goals_conceded,own_goals,penalties_saved,penalties_missed,yellow_cards,red_cards,saves,bonus,bps,influence,creativity,threat,ict_index,value,transfers_balance,selected,transfers_in,transfers_out
1,21,3,0,False,2022-08-20T16:30:00Z,0,3,3,0,0,0,0,0,0,0,0,0,0,0,0,0,0.0,0.0,0.0,0.0,44,-4337,20960,879,5216
2,24,4,2,True,2022-08-20T14:00:00Z,3,2,3,90,0,0,0,2,0,0,0,0,0,3,0,15,25.8,0.0,0.0,2.6,45,-13340,121123,3510,16850
3,21,3,6,False,2022-08-20T16:30:00Z,0,3,3,87,0,1,1,0,0,0,0,0,0,0,0,25,25.8,34.0,6.0,6.6,50,112040,216726,137326,25286
4,21,3,0,False,2022-08-20T16:30:00Z,0,3,3,0,0,0,0,0,0,0,0,0,0,0,0,0,0.0,0.0,0.0,0.0,44,21882,131934,57920,36038
5,21,3,0,False,2022-08-20T16:30:00Z,0,3,3,0,0,0,0,0,0,0,0,0,0,0,0,0,0.0,0.0,0.0,0.0,44,-2174,13295,683,2857
6,21,3,3,False,2022-08-20T16:30:00Z,0,3,3,90,0,0,1,0,0,0,0,0,0,0,0,13,13.2,3.8,0.0,1.7,50,-5523,61170,8704,14227
7,21,3,16,False,2022-08-20T16:30:00Z,0,3,3,73,2,0,1,0,0,0,0,0,0,0,3,47,67.8,10.0,42.0,12.0,64,-188934,1025266,67382,256316
8,21,3,1,False,2022-08-20T16:30:00Z,0,3,3,2,0,0,0,0,0,0,0,0,0,0,0,3,1.0,0.0,0.0,0.1,49,-12863,95230,4859,17722
9,21,3,0,False,2022-08-20T16:30:00Z,0,3,3,0,0,0,0,0,0,0,0,0,0,0,0,0,0.0,0.0,0.0,0.0,53,-6444,27844,2135,8579
10,21,3,7,False,2022-08-20T16:30:00Z,0,3,3,74,0,0,1,0,0,0,0,0,0,0,1,29,11.0,4.3,2.0,1.7,45,-43654,533476,29194,72848
11,21,3,1,False,2022-08-20T16:30:00Z,0,3,3,16,0,0,0,0,0,0,0,0,0,0,0,-1,5.4,10.9,17.0,3.3,68,-14362,47543,2722,17084
12,21,3,1,False,2022-08-20T16:30:00Z,0,3,3,16,0,0,0,0,0,0,0,0,0,0,0,6,7.4,10.7,17.0,3.5,59,-11539,89169,7054,18593
13,21,3,3,False,2022-08-20T16:30:00Z,0,3,3,87,0,0,1,0,0,0,0,0,0,0,0,12,12.0,29.9,8.0,5.0,80,-310888,1658605,67472,378360
14,21,3,1,False,2022-08-20T16:30:00Z,0,3,3,15,0,0,0,0,0,0,0,0,0,0,0,5,3.8,0.4,0.0,0.4,44,-17045,109497,6225,23270
15,21,3,6,False,2022-08-20T16:30:00Z,0,3,3,90,0,0,1,0,0,0,0,0,0,1,0,20,7.6,0.0,0.0,0.8,50,-61359,1366505,88334,149693
16,21,3,7,False,2022-08-20T16:30:00Z,0,3,3,90,0,0,1,0,0,0,0,0,0,0,1,29,19.8,1.5,4.0,2.5,50,-29099,754827,68563,97662
17,21,3,0,False,2022-08-20T16:30:00Z,0,3,3,0,0,0,0,0,0,0,0,0,0,0,0,0,0.0,0.0,0.0,0.0,45,-405,1375,0,405
18,21,3,1,False,2022-08-20T16:30:00Z,0,3,3,2,0,0,0,0,0,0,0,0,0,0,0,3,0.0,0.3,0.0,0.0,45,-3226,24783,3055,6281
19,21,3,6,False,2022-08-20T16:30:00Z,0,3,3,74,0,1,1,0,0,0,0,0,0,0,0,11,2.0,6.3,30.0,3.8,63,1180060,3788936,1242606,62546
20,21,3,0,False,2022-08-20T16:30:00Z,0,3,3,0,0,0,0,0,0,0,0,0,0,0,0,0,0.0,0.0,0.0,0.0,45,-1521,3150,0,1521
21,21,3,0,False,2022-08-20T16:30:00Z,0,3,3,0,0,0,0,0,0,0,0,0,0,0,0,0,0.0,0.0,0.0,0.0,49,-785,4946,619,1404
22,21,3,0,False,2022-08-20T16:30:00Z,0,3,3,0,0,0,0,0,0,0,0,0,0,0,0,0,0.0,0.0,0.0,0.0,45,-11907,22621,0,11907
23,21,3,0,False,2022-08-20T16:30:00Z,0,3,3,0,0,0,0,0,0,0,0,0,0,0,0,0,0.0,0.0,0.0,0.0,49,-1010,2113,33,1043
24,21,3,0,False,2022-08-20T16:30:00Z,0,3,3,0,0,0,0,0,0,0,0,0,0,0,0,0,0.0,0.0,0.0,0.0,40,-6909,72486,4011,10920
25,21,3,0,False,2022-08-20T16:30:00Z,0,3,3,0,0,0,0,0,0,0,0,0,0,0,0,0,0.0,0.0,0.0,0.0,58,-2728,8285,194,2922
26,21,3,14,False,2022-08-20T16:30:00Z,0,3,3,90,1,0,1,0,0,0,0,0,0,0,2,39,50.4,0.8,17.0,6.8,45,6206,521329,95924,89718
27,21,3,0,False,2022-08-20T16:30:00Z,0,3,3,0,0,0,0,0,0,0,0,0,0,0,0,0,0.0,0.0,0.0,0.0,49,-1501,8125,964,2465
28,21,3,4,False,2022-08-20T16:30:00Z,0,3,3,90,0,1,1,0,0,0,0,1,0,0,0,15,25.6,23.1,54.0,10.3,81,853585,7496318,882488,28903
29,22,7,1,False,2022-08-20T14:00:00Z,3,1,3,17,0,0,0,0,0,0,0,0,0,0,0,3,6.6,0.9,38.0,4.6,69,-716273,645415,5216,721489
30,22,7,1,False,2022-08-20T14:00:00Z,3,1,3,24,0,0,0,1,0,0,0,0,0,0,0,1,1.0,0.0,17.0,1.8,70,19882,208449,45537,25655
31,22,7,10,False,2022-08-20T14:00:00Z,3,1,3,90,0,0,0,3,0,1,0,0,0,6,2,36,71.8,0.0,0.0,7.2,50,-44086,484689,18320,62406
32,22,7,0,False,2022-08-20T14:00:00Z,3,1,3,0,0,0,0,0,0,0,0,0,0,0,0,0,0.0,0.0,0.0,0.0,45,-1712,25615,1509,3221
33,22,7,1,False,2022-08-20T14:00:00Z,3,1,3,90,0,0,0,3,0,0,0,0,0,0,0,16,17.8,34.3,18.0,7.0,49,-74018,302421,15762,89780
34,22,7,0,False,2022-08-20T14:00:00Z,3,1,3,0,0,0,0,0,0,0,0,0,0,0,0,0,0.0,0.0,0.0,0.0,49,-2607,17031,1539,4146
35,22,7,0,False,2022-08-20T14:00:00Z,3,1,3,0,0,0,0,0,0,0,0,0,0,0,0,0,0.0,0.0,0.0,0.0,40,-3326,182301,6710,10036
36,22,7,0,False,2022-08-20T14:00:00Z,3,1,3,0,0,0,0,0,0,0,0,0,0,0,0,0,0.0,0.0,0.0,0.0,45,-646,33336,5533,6179
37,22,7,1,False,2022-08-20T14:00:00Z,3,1,3,72,0,0,0,3,0,0,0,1,0,0,0,6,2.6,3.8,0.0,0.6,55,-17747,146141,8593,26340
38,22,7,0,False,2022-08-20T14:00:00Z,3,1,3,0,0,0,0,0,0,0,0,0,0,0,0,0,0.0,0.0,0.0,0.0,44,-451,2071,47,498
39,22,7,1,False,2022-08-20T14:00:00Z,3,1,3,90,0,0,0,3,0,0,0,0,0,0,0,13,13.8,0.4,0.0,1.4,44,-34197,488420,21874,56071
40,22,7,6,False,2022-08-20T14:00:00Z,3,1,3,90,1,0,0,3,0,0,0,0,0,0,0,27,34.8,4.7,17.0,5.7,74,64527,355958,104255,39728
41,22,7,0,False,2022-08-20T14:00:00Z,3,1,3,0,0,0,0,0,0,0,0,0,0,0,0,0,0.0,0.0,0.0,0.0,45,-1402,19316,2382,3784
42,22,7,2,False,2022-08-20T14:00:00Z,3,1,3,72,0,0,0,3,0,0,0,0,0,0,0,4,9.0,1.8,15.0,2.6,60,22611,72351,32144,9533
43,22,7,1,False,2022-08-20T14:00:00Z,3,1,3,90,0,0,0,3,0,0,0,0,0,0,0,12,15.6,29.1,1.0,4.6,49,-527439,996715,6063,533502
44,22,7,1,False,2022-08-20T14:00:00Z,3,1,3,90,0,0,0,3,0,0,0,0,0,0,0,13,19.2,0.8,2.0,2.2,45,-3234,26262,1607,4841
45,22,7,5,False,2022-08-20T14:00:00Z,3,1,3,65,0,1,0,2,0,0,0,0,0,0,0,15,17.4,22.1,2.0,4.2,49,-488178,1027220,45236,533414
46,22,7,1,False,2022-08-20T14:00:00Z,3,1,3,17,0,0,0,0,0,0,0,0,0,0,0,6,8.6,25.7,0.0,3.4,49,-11577,41376,2455,14032
47,22,7,2,False,2022-08-20T14:00:00Z,3,1,3,90,0,0,0,3,0,0,0,0,0,0,0,14,7.6,12.6,0.0,2.0,54,-19268,139775,8863,28131
48,25,11,0,False,2022-08-21T13:00:00Z,3,0,3,0,0,0,0,0,0,0,0,0,0,0,0,0,0.0,0.0,0.0,0.0,45,-6754,50169,2954,9708
49,22,7,0,False,2022-08-20T14:00:00Z,3,1,3,0,0,0,0,0,0,0,0,0,0,0,0,0,0.0,0.0,0.0,0.0,45,-179,3718,452,631
50,22,7,0,False,2022-08-20T14:00:00Z,3,1,3,0,0,0,0,0,0,0,0,0,0,0,0,0,0.0,0.0,0.0,0.0,49,-47429,49891,625,48054
51,22,7,0,False,2022-08-20T14:00:00Z,3,1,3,0,0,0,0,0,0,0,0,0,0,0,0,0,0.0,0.0,0.0,0.0,49,-1709,9942,1007,2716
52,22,7,0,False,2022-08-20T14:00:00Z,3,1,3,0,0,0,0,0,0,0,0,0,0,0,0,0,0.0,0.0,0.0,0.0,54,-3283,8392,172,3455
53,22,7,2,False,2022-08-20T14:00:00Z,3,1,3,90,0,0,0,3,0,0,0,0,0,0,0,9,17.8,10.8,0.0,2.9,50,1157,18770,4204,3047
54,22,7,0,False,2022-08-20T14:00:00Z,3,1,3,0,0,0,0,0,0,0,0,0,0,0,0,0,0.0,0.0,0.0,0.0,45,-21979,661885,45781,67760
55,22,7,0,False,2022-08-20T14:00:00Z,3,1,3,0,0,0,0,0,0,0,0,0,0,0,0,0,0.0,0.0,0.0,0.0,45,-74,386,0,74
56,22,7,0,False,2022-08-20T14:00:00Z,3,1,3,0,0,0,0,0,0,0,0,0,0,0,0,0,0.0,0.0,0.0,0.0,40,-1418,88080,9694,11112
57,21,1,0,True,2022-08-20T16:30:00Z,0,3,3,90,0,0,0,3,0,0,0,1,0,0,0,13,19.4,30.6,0.0,5.0,45,-1916,15593,663,2579
58,21,1,0,True,2022-08-20T16:30:00Z,0,3,3,0,0,0,0,0,0,0,0,0,0,0,0,0,0.0,0.0,0.0,0.0,49,-1351,7382,677,2028
59,21,1,0,True,2022-08-20T16:30:00Z,0,3,3,0,0,0,0,0,0,0,0,0,0,0,0,0,0.0,0.0,0.0,0.0,44,-580,2408,47,627
60,21,1,0,True,2022-08-20T16:30:00Z,0,3,3,0,0,0,0,0,0,0,0,0,0,0,0,0,0.0,0.0,0.0,0.0,54,-874,2207,37,911
61,21,1,0,True,2022-08-20T16:30:00Z,0,3,3,0,0,0,0,0,0,0,0,0,0,0,0,0,0.0,0.0,0.0,0.0,54,-662,4190,124,786
62,21,1,2,True,2022-08-20T16:30:00Z,0,3,3,90,0,0,0,3,0,0,0,0,0,0,0,2,0.0,11.7,16.0,2.7,55,29006,126006,55705,26699
63,21,1,0,True,2022-08-20T16:30:00Z,0,3,3,0,0,0,0,0,0,0,0,0,0,0,0,0,0.0,0.0,0.0,0.0,49,-293,1813,94,387
64,21,1,2,True,2022-08-20T16:30:00Z,0,3,3,90,0,0,0,3,0,0,0,0,0,0,0,13,8.4,2.3,5.0,1.6,50,-23920,106121,12600,36520
65,21,1,0,True,2022-08-20T16:30:00Z,0,3,3,0,0,0,0,0,0,0,0,0,0,0,0,0,0.0,0.0,0.0,0.0,44,-604,4750,104,708
66,21,1,0,True,2022-08-20T16:30:00Z,0,3,3,0,0,0,0,0,0,0,0,0,0,0,0,0,0.0,0.0,0.0,0.0,59,-35806,62582,979,36785
67,21,1,1,True,2022-08-20T16:30:00Z,0,3,3,45,0,0,0,1,0,0,0,0,0,0,0,2,10.2,1.8,0.0,1.2,50,-462,5332,374,836
68,21,1,1,True,2022-08-20T16:30:00Z,0,3,3,45,0,0,0,2,0,0,0,0,0,0,0,0,0.8,0.3,0.0,0.1,45,18338,59240,31808,13470
69,21,1,1,True,2022-08-20T16:30:00Z,0,3,3,25,0,0,0,0,0,0,0,0,0,0,0,5,3.8,1.3,0.0,0.5,55,-600,6437,307,907
70,21,1,2,True,2022-08-20T16:30:00Z,0,3,3,64,0,0,0,3,0,0,0,0,0,0,0,7,13.2,0.5,0.0,1.4,54,-2540,11771,358,2898
71,21,1,1,True,2022-08-20T16:30:00Z,0,3,3,90,0,0,0,3,0,0,0,0,0,0,0,10,18.0,0.6,17.0,3.6,45,-1762,11282,406,2168
72,21,1,2,True,2022-08-20T16:30:00Z,0,3,3,90,0,0,0,3,0,0,0,0,0,3,0,13,26.4,0.0,0.0,2.6,45,-6029,52800,2600,8629
73,21,1,1,True,2022-08-20T16:30:00Z,0,3,3,90,0,0,0,3,0,0,0,0,0,0,0,13,23.0,14.7,0.0,3.8,45,-14221,137690,16429,30650
74,21,1,0,True,2022-08-20T16:30:00Z,0,3,3,0,0,0,0,0,0,0,0,0,0,0,0,0,0.0,0.0,0.0,0.0,49,-1131,9303,509,1640
75,21,1,1,True,2022-08-20T16:30:00Z,0,3,3,45,0,0,0,1,0,0,0,0,0,0,0,2,5.0,2.2,0.0,0.7,54,-1252,6891,406,1658
76,21,1,0,True,2022-08-20T16:30:00Z,0,3,3,90,0,0,0,3,0,0,0,1,0,0,0,3,12.0,5.6,2.0,2.0,45,-4450,13138,302,4752
77,21,1,0,True,2022-08-20T16:30:00Z,0,3,3,0,0,0,0,0,0,0,0,0,0,0,0,0,0.0,0.0,0.0,0.0,40,-2049,61080,2447,4496
78,24,9,1,False,2022-08-20T14:00:00Z,3,2,3,90,0,0,0,3,0,0,0,0,0,0,0,11,21.8,0.2,0.0,2.2,45,3761,189224,17631,13870
79,24,9,8,False,2022-08-20T14:00:00Z,3,2,3,90,1,0,0,3,0,0,0,0,0,0,1,24,40.0,4.2,24.0,6.8,55,751,27539,4669,3918
80,24,9,8,False,2022-08-20T14:00:00Z,3,2,3,90,1,0,0,3,0,0,0,0,0,0,2,25,37.8,13.1,48.0,9.9,71,644773,1271626,728368,83595
81,24,9,3,False,2022-08-20T14:00:00Z,3,2,3,90,0,0,0,3,0,0,0,0,0,6,0,20,43.8,0.0,0.0,4.4,45,61062,579074,105847,44785
82,24,9,0,False,2022-08-20T14:00:00Z,3,2,3,0,0,0,0,0,0,0,0,0,0,0,0,0,0.0,0.0,0.0,0.0,50,-125,1244,186,311
83,24,9,1,False,2022-08-20T14:00:00Z,3,2,3,73,0,0,0,2,0,0,0,1,0,0,0,2,1.2,1.6,4.0,0.7,46,721012,1086860,800317,79305
84,24,9,0,False,2022-08-20T14:00:00Z,3,2,3,0,0,0,0,0,0,0,0,0,0,0,0,0,0.0,0.0,0.0,0.0,45,-252,2170,139,391
85,24,9,1,False,2022-08-20T14:00:00Z,3,2,3,90,0,0,0,3,0,0,0,0,0,0,0,9,15.8,5.8,18.0,4.0,45,56256,128049,76020,19764
86,24,9,1,False,2022-08-20T14:00:00Z,3,2,3,30,0,0,0,1,0,0,0,0,0,0,0,3,2.8,0.3,0.0,0.3,55,-218,6034,815,1033
87,24,9,1,False,2022-08-20T14:00:00Z,3,2,3,7,0,0,0,1,0,0,0,0,0,0,0,3,0.0,0.0,0.0,0.0,50,-125,2408,333,458
88,24,9,4,False,2022-08-20T14:00:00Z,3,2,3,59,0,1,0,2,0,0,0,0,0,0,0,15,21.6,26.4,2.0,5.0,50,207883,256597,239860,31977
89,24,9,5,False,2022-08-20T14:00:00Z,3,2,3,82,0,1,0,2,0,0,0,0,0,0,0,15,21.8,16.4,19.0,5.7,54,-3154,15148,1486,4640
90,24,9,0,False,2022-08-20T14:00:00Z,3,2,3,0,0,0,0,0,0,0,0,0,0,0,0,0,0.0,0.0,0.0,0.0,45,163,5372,557,394
91,24,9,0,False,2022-08-20T14:00:00Z,3,2,3,0,0,0,0,0,0,0,0,0,0,0,0,0,0.0,0.0,0.0,0.0,45,-77,6783,745,822
92,24,9,0,False,2022-08-20T14:00:00Z,3,2,3,0,0,0,0,0,0,0,0,0,0,0,0,0,0.0,0.0,0.0,0.0,44,-411,1815,35,446
93,24,9,0,False,2022-08-20T14:00:00Z,3,2,3,0,0,0,0,0,0,0,0,0,0,0,0,0,0.0,0.0,0.0,0.0,50,-43,3788,555,598
94,24,9,1,False,2022-08-20T14:00:00Z,3,2,3,16,0,0,0,1,0,0,0,0,0,0,0,7,7.6,10.8,18.0,3.6,45,3009,34388,8099,5090
95,24,9,2,False,2022-08-20T14:00:00Z,3,2,3,90,0,0,0,3,0,0,0,0,0,0,0,16,13.4,42.4,40.0,9.6,60,66071,290227,104377,38306
96,24,9,0,False,2022-08-20T14:00:00Z,3,2,3,0,0,0,0,0,0,0,0,0,0,0,0,0,0.0,0.0,0.0,0.0,40,-2244,60060,4915,7159
97,24,9,0,False,2022-08-20T14:00:00Z,3,2,3,0,0,0,0,0,0,0,0,0,0,0,0,0,0.0,0.0,0.0,0.0,45,-2236,12460,0,2236
98,24,9,0,False,2022-08-20T14:00:00Z,3,2,3,0,0,0,0,0,0,0,0,0,0,0,0,0,0.0,0.0,0.0,0.0,40,-490,3413,0,490
99,24,9,0,False,2022-08-20T14:00:00Z,3,2,3,0,0,0,0,0,0,0,0,0,0,0,0,0,0.0,0.0,0.0,0.0,45,-27,171,0,27
100,24,9,0,False,2022-08-20T14:00:00Z,3,2,3,0,0,0,0,0,0,0,0,0,0,0,0,0,0.0,0.0,0.0,0.0,40,-1231,12774,0,1231
101,30,19,3,False,2022-08-21T13:00:00Z,0,2,3,62,0,0,1,0,0,0,0,0,0,0,0,6,1.6,12.4,0.0,1.4,50,2656,24198,6603,3947
102,30,19,0,False,2022-08-21T13:00:00Z,0,2,3,0,0,0,0,0,0,0,0,0,0,0,0,0,0.0,0.0,0.0,0.0,40,-795,85325,3927,4722
103,30,19,5,False,2022-08-21T13:00:00Z,0,2,3,90,0,1,1,0,0,0,0,0,0,0,0,15,4.6,17.7,6.0,2.8,65,13282,132851,44746,31464
104,30,19,6,False,2022-08-21T13:00:00Z,0,2,3,90,0,1,1,0,0,0,0,0,0,0,0,24,36.2,33.8,2.0,7.2,57,263956,725950,359928,95972
105,24,4,1,True,2022-08-20T14:00:00Z,3,2,3,1,0,0,0,0,0,0,0,0,0,0,0,3,0.2,0.0,0.0,0.0,45,-3089,23206,575,3664
106,30,19,6,False,2022-08-21T13:00:00Z,0,2,3,90,0,0,1,0,0,0,0,0,0,0,0,26,25.4,0.2,0.0,2.6,45,35452,242328,58819,23367
107,30,19,3,False,2022-08-21T13:00:00Z,0,2,3,84,0,0,1,0,0,0,0,0,0,0,0,13,16.0,8.8,10.0,3.5,50,7409,40024,16123,8714
108,30,19,6,False,2022-08-21T13:00:00Z,0,2,3,90,0,0,1,0,0,0,0,0,0,0,0,22,10.0,0.9,4.0,1.5,45,1038,18298,4094,3056
109,30,19,8,False,2022-08-21T13:00:00Z,0,2,3,90,0,0,1,0,0,0,0,0,0,0,2,29,32.2,6.6,4.0,4.3,45,20384,62201,30208,9824
110,30,19,0,False,2022-08-21T13:00:00Z,0,2,3,0,0,0,0,0,0,0,0,0,0,0,0,0,0.0,0.0,0.0,0.0,63,-17960,57573,3730,21690
111,30,19,8,False,2022-08-21T13:00:00Z,0,2,3,90,1,0,1,0,0,0,0,0,0,0,0,25,35.6,26.3,81.0,14.3,65,-11788,198215,26387,38175
112,25,11,1,False,2022-08-21T13:00:00Z,3,0,3,90,0,0,0,3,0,0,0,0,0,0,0,10,6.8,22.8,10.0,4.0,50,299794,1064297,389759,89965
113,30,19,8,False,2022-08-21T13:00:00Z,0,2,3,90,0,0,1,0,0,0,0,0,0,3,1,28,22.8,0.0,0.0,2.3,45,71327,1129682,144790,73463
114,30,19,0,False,2022-08-21T13:00:00Z,0,2,3,0,0,0,0,0,0,0,0,0,0,0,0,0,0.0,0.0,0.0,0.0,45,-24737,215845,7041,31778
115,30,19,0,False,2022-08-21T13:00:00Z,0,2,3,0,0,0,0,0,0,0,0,0,0,0,0,0,0.0,0.0,0.0,0.0,45,-807,20806,2807,3614
116,30,19,11,False,2022-08-21T13:00:00Z,0,2,3,90,1,0,1,0,0,0,0,0,0,0,3,36,44.2,6.6,18.0,6.9,55,-1164,16833,1931,3095
117,30,19,0,False,2022-08-21T13:00:00Z,0,2,3,0,0,0,0,0,0,0,0,0,0,0,0,0,0.0,0.0,0.0,0.0,45,-486,2738,113,599
118,30,19,1,False,2022-08-21T13:00:00Z,0,2,3,5,0,0,0,0,0,0,0,0,0,0,0,5,2.2,0.3,4.0,0.7,54,-1614,10581,767,2381
119,30,19,0,False,2022-08-21T13:00:00Z,0,2,3,0,0,0,0,0,0,0,0,0,0,0,0,0,0.0,0.0,0.0,0.0,45,-345,9370,1126,1471
120,30,19,3,False,2022-08-21T13:00:00Z,0,2,3,90,0,0,1,0,0,0,0,0,0,0,0,10,6.4,3.3,8.0,1.8,50,5635,23824,8793,3158
121,30,19,0,False,2022-08-21T13:00:00Z,0,2,3,0,0,0,0,0,0,0,0,0,0,0,0,0,0.0,0.0,0.0,0.0,45,-88,569,0,88
122,30,19,0,False,2022-08-21T13:00:00Z,0,2,3,0,0,0,0,0,0,0,0,0,0,0,0,0,0.0,0.0,0.0,0.0,40,-93,757,0,93
123,30,19,0,False,2022-08-21T13:00:00Z,0,2,3,0,0,0,0,0,0,0,0,0,0,0,0,0,0.0,0.0,0.0,0.0,54,-13492,57152,2788,16280
124,30,19,1,False,2022-08-21T13:00:00Z,0,2,3,1,0,0,0,0,0,0,0,0,0,0,0,3,0.0,0.0,0.0,0.0,50,1404,6071,2284,880
125,30,19,0,False,2022-08-21T13:00:00Z,0,2,3,0,0,0,0,0,0,0,0,0,0,0,0,0,0.0,0.0,0.0,0.0,50,-4511,35976,3013,7524
126,30,19,0,False,2022-08-21T13:00:00Z,0,2,3,0,0,0,0,0,0,0,0,0,0,0,0,0,0.0,0.0,0.0,0.0,45,-510,7438,713,1223
127,25,11,1,False,2022-08-21T13:00:00Z,3,0,3,3,0,0,0,0,0,0,0,0,0,0,0,2,0.4,0.3,0.0,0.1,50,-10577,189481,23183,33760
128,25,11,1,False,2022-08-21T13:00:00Z,3,0,3,90,0,0,0,3,0,0,0,0,0,0,0,16,15.2,1.1,4.0,2.0,55,-30346,574809,20960,51306
129,25,11,0,False,2022-08-21T13:00:00Z,3,0,3,0,0,0,0,0,0,0,0,0,0,0,0,0,0.0,0.0,0.0,0.0,53,-77408,139835,282,77690
130,25,11,2,False,2022-08-21T13:00:00Z,3,0,3,63,0,0,0,2,0,0,0,0,0,0,0,7,7.2,1.2,0.0,0.8,60,40628,462155,112743,72115
131,25,11,0,False,2022-08-21T13:00:00Z,3,0,3,0,0,0,0,0,0,0,0,0,0,0,0,0,0.0,0.0,0.0,0.0,50,-314,5983,765,1079
132,25,11,0,False,2022-08-21T13:00:00Z,3,0,3,0,0,0,0,0,0,0,0,0,0,0,0,0,0.0,0.0,0.0,0.0,49,-25100,32245,404,25504
133,25,11,0,False,2022-08-21T13:00:00Z,3,0,3,0,0,0,0,0,0,0,0,0,0,0,0,0,0.0,0.0,0.0,0.0,45,-1931,21374,669,2600
134,25,11,0,False,2022-08-21T13:00:00Z,3,0,3,0,0,0,0,0,0,0,0,0,0,0,0,0,0.0,0.0,0.0,0.0,50,-118850,295814,24637,143487
135,25,11,1,False,2022-08-21T13:00:00Z,3,0,3,26,0,0,0,1,0,0,0,0,0,0,0,6,5.4,21.7,16.0,4.3,58,-7432,36212,3610,11042
136,25,11,2,False,2022-08-21T13:00:00Z,3,0,3,90,0,0,0,3,0,0,0,0,0,0,0,12,19.0,12.6,34.0,6.6,50,7561,19351,10338,2777
137,25,11,0,False,2022-08-21T13:00:00Z,3,0,3,0,0,0,0,0,0,0,0,0,0,0,0,0,0.0,0.0,0.0,0.0,79,-15177,27968,0,15177
138,25,11,0,False,2022-08-21T13:00:00Z,3,0,3,0,0,0,0,0,0,0,0,0,0,0,0,0,0.0,0.0,0.0,0.0,40,-2686,34692,2206,4892
139,25,11,1,False,2022-08-21T13:00:00Z,3,0,3,13,0,0,0,0,0,0,0,0,0,0,0,3,1.6,1.0,2.0,0.5,60,-89693,336139,21054,110747
140,25,11,1,False,2022-08-21T13:00:00Z,3,0,3,26,0,0,0,1,0,0,0,0,0,0,0,3,0.0,0.8,0.0,0.1,59,-12446,53442,4542,16988
141,25,11,0,False,2022-08-21T13:00:00Z,3,0,3,0,0,0,0,0,0,0,0,0,0,0,0,0,0.0,0.0,0.0,0.0,49,-7683,43342,1830,9513
142,25,11,2,False,2022-08-21T13:00:00Z,3,0,3,76,0,0,0,3,0,0,0,0,0,0,0,15,25.6,56.0,55.0,13.7,79,-63671,735805,65234,128905
143,25,11,0,False,2022-08-21T13:00:00Z,3,0,3,0,0,0,0,0,0,0,0,0,0,0,0,0,0.0,0.0,0.0,0.0,50,-4721,7068,0,4721
144,25,11,0,False,2022-08-21T13:00:00Z,3,0,3,0,0,0,0,0,0,0,0,0,0,0,0,0,0.0,0.0,0.0,0.0,54,-1087,8332,761,1848
145,25,11,2,False,2022-08-21T13:00:00Z,3,0,3,90,0,0,0,3,0,0,0,0,0,0,0,-2,7.8,13.7,8.0,3.0,79,9052,370461,84542,75490
146,25,11,1,False,2022-08-21T13:00:00Z,3,0,3,90,0,0,0,3,0,0,0,0,0,0,0,11,22.6,13.0,9.0,4.5,61,430372,4141191,530191,99819
147,25,11,2,False,2022-08-21T13:00:00Z,3,0,3,90,0,0,0,3,0,0,0,0,0,3,0,10,19.8,0.0,0.0,2.0,50,64004,2192270,208927,144923
148,25,11,2,False,2022-08-21T13:00:00Z,3,0,3,63,0,0,0,2,0,0,0,0,0,0,0,9,11.4,11.8,22.0,4.5,58,-25882,100118,5242,31124
149,25,11,0,False,2022-08-21T13:00:00Z,3,0,3,0,0,0,0,0,0,0,0,0,0,0,0,0,0.0,0.0,0.0,0.0,45,-6396,47482,1514,7910
150,25,11,0,False,2022-08-21T13:00:00Z,3,0,3,0,0,0,0,0,0,0,0,0,0,0,0,0,0.0,0.0,0.0,0.0,54,-22501,98204,5658,28159
151,25,11,0,False,2022-08-21T13:00:00Z,3,0,3,0,0,0,0,0,0,0,0,0,0,0,0,0,0.0,0.0,0.0,0.0,45,-671,8175,472,1143
152,22,2,3,True,2022-08-20T14:00:00Z,3,1,3,90,0,0,0,1,0,0,0,0,0,4,0,16,29.4,0.0,0.0,2.9,45,3467,139859,13727,10260
153,22,2,0,True,2022-08-20T14:00:00Z,3,1,3,0,0,0,0,0,0,0,0,0,0,0,0,0,0.0,0.0,0.0,0.0,40,-11564,72130,382,11946
154,22,2,0,True,2022-08-20T14:00:00Z,3,1,3,0,0,0,0,0,0,0,0,0,0,0,0,0,0.0,0.0,0.0,0.0,49,-202,895,96,298
155,22,2,0,True,2022-08-20T14:00:00Z,3,1,3,0,0,0,0,0,0,0,0,0,0,0,0,0,0.0,0.0,0.0,0.0,55,-24335,38799,0,24335
156,22,2,2,True,2022-08-20T14:00:00Z,3,1,3,90,0,0,0,1,0,0,0,0,0,0,0,9,10.8,2.7,0.0,1.4,45,-391,18304,1412,1803
157,22,2,0,True,2022-08-20T14:00:00Z,3,1,3,0,0,0,0,0,0,0,0,0,0,0,0,0,0.0,0.0,0.0,0.0,45,1784,18526,3542,1758
158,22,2,1,True,2022-08-20T14:00:00Z,3,1,3,8,0,0,0,0,0,0,0,0,0,0,0,2,0.0,0.1,0.0,0.0,45,-554,65415,7684,8238
159,22,2,2,True,2022-08-20T14:00:00Z,3,1,3,69,0,0,0,1,0,0,0,0,0,0,0,3,14.2,12.9,30.0,5.7,55,542,32512,5865,5323
160,22,2,12,True,2022-08-20T14:00:00Z,3,1,3,81,2,0,0,1,0,0,1,1,0,0,3,39,78.0,34.8,45.0,15.8,70,127651,790925,195201,67550
161,22,2,1,True,2022-08-20T14:00:00Z,3,1,3,81,0,0,0,1,0,0,0,1,0,0,0,1,0.2,1.3,2.0,0.4,50,-476,17234,1858,2334
162,22,2,0,True,2022-08-20T14:00:00Z,3,1,3,0,0,0,0,0,0,0,0,0,0,0,0,0,0.0,0.0,0.0,0.0,45,-995,9313,148,1143
163,22,2,1,True,2022-08-20T14:00:00Z,3,1,3,8,0,0,0,0,0,0,0,0,0,0,0,2,8.4,1.7,30.0,4.0,50,-185,3268,222,407
164,22,2,0,True,2022-08-20T14:00:00Z,3,1,3,0,0,0,0,0,0,0,0,0,0,0,0,0,0.0,0.0,0.0,0.0,45,-154,5959,738,892
165,22,2,2,True,2022-08-20T14:00:00Z,3,1,3,90,0,0,0,1,0,0,0,0,0,0,0,14,18.6,10.7,0.0,2.9,45,-5159,227109,17393,22552
166,22,2,5,True,2022-08-20T14:00:00Z,3,1,3,69,0,1,0,1,0,0,0,0,0,0,0,11,21.6,13.4,33.0,6.8,55,-30702,246954,19371,50073
167,22,2,2,True,2022-08-20T14:00:00Z,3,1,3,90,0,0,0,1,0,0,0,0,0,0,0,14,11.6,10.2,16.0,3.8,45,-9232,154189,4202,13434
168,22,2,5,True,2022-08-20T14:00:00Z,3,1,3,20,1,0,0,0,0,0,0,0,0,0,0,24,30.0,0.8,17.0,4.8,54,-7758,56793,4857,12615
169,22,2,3,True,2022-08-20T14:00:00Z,3,1,3,90,0,0,0,1,0,0,0,0,0,0,1,29,15.8,45.7,26.0,8.8,55,52839,155641,69311,16472
170,22,2,6,True,2022-08-20T14:00:00Z,3,1,3,90,0,1,0,1,0,0,0,0,0,0,1,29,34.4,37.0,0.0,7.1,45,-1000,83765,6201,7201
171,22,2,1,True,2022-08-20T14:00:00Z,3,1,3,20,0,0,0,0,0,0,0,0,0,0,0,1,2.2,1.4,0.0,0.4,55,-47,14124,1935,1982
172,22,2,0,True,2022-08-20T14:00:00Z,3,1,3,0,0,0,0,0,0,0,0,0,0,0,0,0,0.0,0.0,0.0,0.0,45,-1173,2908,0,1173
173,22,2,0,True,2022-08-20T14:00:00Z,3,1,3,0,0,0,0,0,0,0,0,0,0,0,0,0,0.0,0.0,0.0,0.0,45,-1021,20382,1814,2835
174,22,2,0,True,2022-08-20T14:00:00Z,3,1,3,0,0,0,0,0,0,0,0,0,0,0,0,0,0.0,0.0,0.0,0.0,40,-5573,20328,148,5721
175,22,2,0,True,2022-08-20T14:00:00Z,3,1,3,0,0,0,0,0,0,0,0,0,0,0,0,0,0.0,0.0,0.0,0.0,45,-642,13260,388,1030
176,23,16,0,True,2022-08-20T14:00:00Z,1,1,3,0,0,0,0,0,0,0,0,0,0,0,0,0,0.0,0.0,0.0,0.0,40,478,59480,3680,3202
177,23,16,1,True,2022-08-20T14:00:00Z,1,1,3,56,0,0,0,0,0,0,0,0,0,0,0,0,0.0,12.7,19.0,3.1,50,7550,46658,17760,10210
178,23,16,0,True,2022-08-20T14:00:00Z,1,1,3,0,0,0,0,0,0,0,0,0,0,0,0,0,0.0,0.0,0.0,0.0,45,539,5412,1044,505
179,23,16,0,True,2022-08-20T14:00:00Z,1,1,3,0,0,0,0,0,0,0,0,0,0,0,0,0,0.0,0.0,0.0,0.0,55,-53,570,68,121
180,23,16,0,True,2022-08-20T14:00:00Z,1,1,3,0,0,0,0,0,0,0,0,0,0,0,0,0,0.0,0.0,0.0,0.0,44,-9434,57353,998,10432
181,23,16,0,True,2022-08-20T14:00:00Z,1,1,3,0,0,0,0,0,0,0,0,0,0,0,0,0,0.0,0.0,0.0,0.0,54,-10687,40844,2614,13301
182,23,16,7,True,2022-08-20T14:00:00Z,1,1,3,90,0,1,0,1,0,0,0,0,0,4,1,30,43.8,13.0,0.0,5.7,45,-21311,524261,28918,50229
183,23,16,0,True,2022-08-20T14:00:00Z,1,1,3,0,0,0,0,0,0,0,0,0,0,0,0,0,0.0,0.0,0.0,0.0,49,-4297,9746,436,4733
184,23,16,0,True,2022-08-20T14:00:00Z,1,1,3,0,0,0,0,0,0,0,0,0,0,0,0,0,0.0,0.0,0.0,0.0,45,-2397,13778,351,2748
185,23,16,0,True,2022-08-20T14:00:00Z,1,1,3,0,0,0,0,0,0,0,0,0,0,0,0,0,0.0,0.0,0.0,0.0,54,-9541,14337,269,9810
186,23,16,1,True,2022-08-20T14:00:00Z,1,1,3,90,0,0,0,1,0,0,0,1,0,0,0,13,16.4,46.9,3.0,6.6,55,1466,22529,5199,3733
187,23,16,0,True,2022-08-20T14:00:00Z,1,1,3,0,0,0,0,0,0,0,0,0,0,0,0,0,0.0,0.0,0.0,0.0,45,-295,5242,606,901
188,23,16,0,True,2022-08-20T14:00:00Z,1,1,3,0,0,0,0,0,0,0,0,0,0,0,0,0,0.0,0.0,0.0,0.0,44,-3939,10655,146,4085
189,23,16,9,True,2022-08-20T14:00:00Z,1,1,3,90,1,0,0,1,0,0,0,0,0,0,2,31,44.8,30.6,53.0,12.8,55,5064,89545,22532,17468
190,23,16,1,True,2022-08-20T14:00:00Z,1,1,3,56,0,0,0,0,0,0,0,0,0,0,0,7,4.0,17.3,23.0,4.4,50,415,3215,777,362
191,23,16,0,True,2022-08-20T14:00:00Z,1,1,3,0,0,0,0,0,0,0,0,0,0,0,0,0,0.0,0.0,0.0,0.0,79,-7361,27585,288,7649
192,23,16,2,True,2022-08-20T14:00:00Z,1,1,3,90,0,0,0,1,0,0,0,0,0,0,0,14,11.4,14.0,2.0,2.7,45,58,15904,2074,2016
193,23,16,0,True,2022-08-20T14:00:00Z,1,1,3,0,0,0,0,0,0,0,0,0,0,0,0,0,0.0,0.0,0.0,0.0,44,-2149,6888,180,2329
194,23,16,2,True,2022-08-20T14:00:00Z,1,1,3,90,0,0,0,1,0,0,0,0,0,0,0,8,10.0,12.5,0.0,2.3,45,1950,33788,6372,4422
195,23,16,1,True,2022-08-20T14:00:00Z,1,1,3,90,0,0,0,1,0,0,0,1,0,0,0,-8,25.0,36.3,101.0,16.2,55,40627,171582,66468,25841
196,23,16,0,True,2022-08-20T14:00:00Z,1,1,3,0,0,0,0,0,0,0,0,0,0,0,0,0,0.0,0.0,0.0,0.0,40,-285,2223,0,285
197,23,16,2,True,2022-08-20T14:00:00Z,1,1,3,90,0,0,0,1,0,0,0,0,0,0,0,9,13.8,13.0,4.0,3.1,40,86293,567573,160577,74284
198,23,16,0,True,2022-08-20T14:00:00Z,1,1,3,0,0,0,0,0,0,0,0,0,0,0,0,0,0.0,0.0,0.0,0.0,40,-2881,48317,3019,5900
199,23,16,2,True,2022-08-20T14:00:00Z,1,1,3,90,0,0,0,1,0,0,0,0,0,0,0,9,16.8,0.6,2.0,1.9,45,73,81955,9027,8954
200,24,4,1,True,2022-08-20T14:00:00Z,3,2,3,13,0,0,0,0,0,0,0,0,0,0,0,7,3.2,10.8,0.0,1.4,49,-744,6339,405,1149
201,24,4,1,True,2022-08-20T14:00:00Z,3,2,3,90,0,0,0,2,0,0,0,0,0,0,0,12,12.4,0.5,2.0,1.5,45,1422,11921,2367,945
202,24,4,0,True,2022-08-20T14:00:00Z,3,2,3,0,0,0,0,0,0,0,0,0,0,0,0,0,0.0,0.0,0.0,0.0,49,-572,3910,267,839
203,24,4,0,True,2022-08-20T14:00:00Z,3,2,3,0,0,0,0,0,0,0,0,0,0,0,0,0,0.0,0.0,0.0,0.0,45,1070,14144,2915,1845
204,24,4,0,True,2022-08-20T14:00:00Z,3,2,3,0,0,0,0,0,0,0,0,0,0,0,0,0,0.0,0.0,0.0,0.0,55,1205,10525,2871,1666
205,24,4,8,True,2022-08-20T14:00:00Z,3,2,3,90,1,0,0,2,0,0,0,0,0,0,1,24,37.6,22.4,45.0,10.5,55,-1474,5503,384,1858
206,24,4,0,True,2022-08-20T14:00:00Z,3,2,3,0,0,0,0,0,0,0,0,0,0,0,0,0,0.0,0.0,0.0,0.0,44,-274,2088,84,358
207,24,4,0,True,2022-08-20T14:00:00Z,3,2,3,0,0,0,0,0,0,0,0,0,0,0,0,0,0.0,0.0,0.0,0.0,40,-26495,487758,5320,31815
208,24,4,0,True,2022-08-20T14:00:00Z,3,2,3,0,0,0,0,0,0,0,0,0,0,0,0,0,0.0,0.0,0.0,0.0,40,-4053,50079,1979,6032
209,24,4,1,True,2022-08-20T14:00:00Z,3,2,3,90,0,0,0,2,0,0,0,0,0,0,0,10,16.6,0.3,0.0,1.7,45,475,9071,1078,603
210,24,4,6,True,2022-08-20T14:00:00Z,3,2,3,90,1,0,0,2,0,0,0,0,0,0,0,14,47.8,1.3,129.0,17.8,66,38357,1545465,293938,255581
211,24,4,2,True,2022-08-20T14:00:00Z,3,2,3,90,0,0,0,2,0,0,0,0,0,0,0,5,0.8,6.8,13.0,2.1,45,35146,111207,54254,19108
212,24,4,0,True,2022-08-20T14:00:00Z,3,2,3,0,0,0,0,0,0,0,0,0,0,0,0,0,0.0,0.0,0.0,0.0,59,-2012,5459,119,2131
213,24,4,0,True,2022-08-20T14:00:00Z,3,2,3,0,0,0,0,0,0,0,0,0,0,0,0,0,0.0,0.0,0.0,0.0,45,3471,24740,5582,2111
214,24,4,0,True,2022-08-20T14:00:00Z,3,2,3,0,0,0,0,0,0,0,0,0,0,0,0,0,0.0,0.0,0.0,0.0,49,-993,6766,596,1589
215,24,4,0,True,2022-08-20T14:00:00Z,3,2,3,76,0,0,0,2,0,0,0,1,0,0,0,5,15.8,1.4,0.0,1.7,45,8668,39773,13404,4736
216,24,4,0,True,2022-08-20T14:00:00Z,3,2,3,0,0,0,0,0,0,0,0,0,0,0,0,0,0.0,0.0,0.0,0.0,45,-702,7682,409,1111
217,24,4,1,True,2022-08-20T14:00:00Z,3,2,3,90,0,0,0,2,0,0,0,0,0,0,0,9,11.4,21.4,0.0,3.3,45,1589,16456,2756,1167
218,24,4,0,True,2022-08-20T14:00:00Z,3,2,3,0,0,0,0,0,0,0,0,0,0,0,0,0,0.0,0.0,0.0,0.0,54,-1427,11672,1406,2833
219,24,4,5,True,2022-08-20T14:00:00Z,3,2,3,76,0,1,0,2,0,0,0,0,0,0,0,17,8.4,12.8,42.0,6.3,45,6206,120797,23590,17384
220,24,4,6,True,2022-08-20T14:00:00Z,3,2,3,90,1,0,0,2,0,0,0,1,0,0,0,23,45.6,1.0,17.0,6.4,50,-98,24006,3928,4026
221,25,6,0,True,2022-08-21T13:00:00Z,3,0,3,0,0,0,0,0,0,0,0,0,0,0,0,0,0.0,0.0,0.0,0.0,45,-850,4105,91,941
222,25,6,0,True,2022-08-21T13:00:00Z,3,0,3,0,0,0,0,0,0,0,0,0,0,0,0,0,0.0,0.0,0.0,0.0,45,-214,1640,116,330
223,25,6,1,True,2022-08-21T13:00:00Z,3,0,3,7,0,0,0,0,0,0,0,0,0,0,0,1,0.0,0.3,0.0,0.0,49,-1508,9421,599,2107
224,25,6,1,True,2022-08-21T13:00:00Z,3,0,3,29,0,0,0,0,0,0,0,0,0,0,0,3,0.8,0.4,0.0,0.1,45,353,6276,1120,767
225,25,6,13,True,2022-08-21T13:00:00Z,3,0,3,82,1,1,1,0,0,0,0,0,0,0,2,27,48.2,11.9,66.0,12.6,62,857935,1174241,957289,99354
226,25,6,0,True,2022-08-21T13:00:00Z,3,0,3,0,0,0,0,0,0,0,0,0,0,0,0,0,0.0,0.0,0.0,0.0,50,-176,1209,101,277
227,25,6,0,True,2022-08-21T13:00:00Z,3,0,3,0,0,0,0,0,0,0,0,0,0,0,0,0,0.0,0.0,0.0,0.0,74,-60938,77105,1825,62763
228,25,6,8,True,2022-08-21T13:00:00Z,3,0,3,90,0,0,1,0,0,0,0,0,0,0,2,27,11.6,0.2,4.0,1.6,45,-2022,25037,813,2835
229,25,6,0,True,2022-08-21T13:00:00Z,3,0,3,0,0,0,0,0,0,0,0,0,0,0,0,0,0.0,0.0,0.0,0.0,50,-10,82,0,10
230,25,6,6,True,2022-08-21T13:00:00Z,3,0,3,90,0,0,1,0,0,0,0,0,0,0,0,21,14.2,0.4,0.0,1.5,45,-900,12002,486,1386
231,25,6,3,True,2022-08-21T13:00:00Z,3,0,3,69,0,0,1,0,0,0,0,0,0,0,0,10,5.4,15.1,3.0,2.4,60,164,6733,1348,1184
232,25,6,0,True,2022-08-21T13:00:00Z,3,0,3,0,0,0,0,0,0,0,0,0,0,0,0,0,0.0,0.0,0.0,0.0,70,-2330,13179,0,2330
233,25,6,14,True,2022-08-21T13:00:00Z,3,0,3,82,1,1,1,0,0,0,0,0,0,0,3,43,67.4,15.8,52.0,13.5,60,-1117,126900,24168,25285
234,25,6,0,True,2022-08-21T13:00:00Z,3,0,3,0,0,0,0,0,0,0,0,0,0,0,0,0,0.0,0.0,0.0,0.0,45,-69,482,0,69
235,25,6,6,True,2022-08-21T13:00:00Z,3,0,3,90,0,0,1,0,0,0,0,0,0,0,0,24,18.8,12.9,0.0,3.2,45,1586,13159,2960,1374
236,25,6,0,True,2022-08-21T13:00:00Z,3,0,3,0,0,0,0,0,0,0,0,0,0,0,0,0,0.0,0.0,0.0,0.0,40,-1692,43481,872,2564
237,25,6,1,True,2022-08-21T13:00:00Z,3,0,3,7,0,0,0,0,0,0,0,0,0,0,0,3,4.0,0.0,0.0,0.4,45,-88590,1941033,111397,199987
238,25,6,7,True,2022-08-21T13:00:00Z,3,0,3,90,0,0,1,0,0,0,0,0,0,3,0,26,21.6,0.0,0.0,2.2,45,-21237,207313,4739,25976
239,25,6,0,True,2022-08-21T13:00:00Z,3,0,3,0,0,0,0,0,0,0,0,0,0,0,0,0,0.0,0.0,0.0,0.0,45,-93,616,31,124
240,25,6,0,True,2022-08-21T13:00:00Z,3,0,3,0,0,0,0,0,0,0,0,0,0,0,0,0,0.0,0.0,0.0,0.0,45,-1038,23657,2638,3676
241,25,6,0,True,2022-08-21T13:00:00Z,3,0,3,0,0,0,0,0,0,0,0,0,0,0,0,0,0.0,0.0,0.0,0.0,45,-243,1136,0,243
242,25,6,1,True,2022-08-21T13:00:00Z,3,0,3,7,0,0,0,0,0,0,0,0,0,0,0,-1,0.0,0.1,0.0,0.0,54,-12330,42521,1002,13332
243,25,6,0,True,2022-08-21T13:00:00Z,3,0,3,0,0,0,0,0,0,0,0,0,0,0,0,0,0.0,0.0,0.0,0.0,40,-1229,19473,905,2134
244,25,6,6,True,2022-08-21T13:00:00Z,3,0,3,90,0,0,1,0,0,0,0,0,0,0,0,21,18.4,11.9,0.0,3.0,49,-9098,43249,1465,10563
245,25,6,3,True,2022-08-21T13:00:00Z,3,0,3,60,0,0,1,0,0,0,0,0,0,0,0,9,16.8,0.8,0.0,1.8,50,-795,6892,564,1359
246,25,6,8,True,2022-08-21T13:00:00Z,3,0,3,82,1,0,1,0,0,0,0,0,0,0,0,25,45.0,28.3,42.0,11.5,55,-11274,103762,8579,19853
247,25,6,0,True,2022-08-21T13:00:00Z,3,0,3,0,0,0,0,0,0,0,0,0,0,0,0,0,0.0,0.0,0.0,0.0,45,-516,4507,210,726
248,26,17,0,True,2022-08-20T14:00:00Z,1,2,3,0,0,0,0,0,0,0,0,0,0,0,0,0,0.0,0.0,0.0,0.0,50,-7156,23206,0,7156
249,26,17,1,True,2022-08-20T14:00:00Z,1,2,3,90,0,0,0,2,0,0,0,0,0,0,0,14,18.0,1.3,0.0,1.9,45,-2081,29845,1845,3926
250,26,17,0,True,2022-08-20T14:00:00Z,1,2,3,0,0,0,0,0,0,0,0,0,0,0,0,0,0.0,0.0,0.0,0.0,40,-24,3953,546,570
251,26,17,0,True,2022-08-20T14:00:00Z,1,2,3,0,0,0,0,0,0,0,0,0,0,0,0,0,0.0,0.0,0.0,0.0,50,-1305,10083,1084,2389
252,26,17,0,True,2022-08-20T14:00:00Z,1,2,3,0,0,0,0,0,0,0,0,0,0,0,0,0,0.0,0.0,0.0,0.0,45,-5263,56792,4485,9748
253,26,17,0,True,2022-08-20T14:00:00Z,1,2,3,0,0,0,0,0,0,0,0,0,0,0,0,0,0.0,0.0,0.0,0.0,40,-59509,798116,37935,97444
254,26,17,1,True,2022-08-20T14:00:00Z,1,2,3,90,0,0,0,2,0,0,0,0,0,1,0,11,7.0,0.0,0.0,0.7,40,121952,2576533,189299,67347
255,26,17,2,True,2022-08-20T14:00:00Z,1,2,3,64,0,0,1,0,0,0,0,0,0,0,0,5,0.0,0.3,3.0,0.3,95,-24828,404141,53398,78226
256,26,17,0,True,2022-08-20T14:00:00Z,1,2,3,0,0,0,0,0,0,0,0,0,0,0,0,0,0.0,0.0,0.0,0.0,44,-1163,3967,89,1252
257,26,17,1,True,2022-08-20T14:00:00Z,1,2,3,90,0,0,0,2,0,0,0,0,0,0,0,13,20.6,3.3,2.0,2.6,45,-1413,27687,2215,3628
258,26,17,1,True,2022-08-20T14:00:00Z,1,2,3,90,0,0,0,2,0,0,0,0,0,0,0,12,10.6,5.1,4.0,2.0,45,10119,191364,37476,27357
259,26,17,1,True,2022-08-20T14:00:00Z,1,2,3,25,0,0,0,2,0,0,0,0,0,0,0,5,6.4,4.7,0.0,1.1,65,-13044,192766,16957,30001
260,26,17,6,True,2022-08-20T14:00:00Z,1,2,3,64,0,1,1,0,0,0,0,0,0,0,0,10,5.0,13.8,8.0,2.7,49,-1535,10867,990,2525
261,26,17,7,True,2022-08-20T14:00:00Z,1,2,3,90,1,0,0,2,0,0,0,1,0,0,1,23,35.2,15.5,29.0,8.0,80,98076,564990,156206,58130
262,26,17,1,True,2022-08-20T14:00:00Z,1,2,3,14,0,0,0,1,0,0,0,0,0,0,0,1,0.0,0.3,0.0,0.0,64,-3746,74296,9199,12945
263,26,17,0,True,2022-08-20T14:00:00Z,1,2,3,0,0,0,0,0,0,0,0,0,0,0,0,0,0.0,0.0,0.0,0.0,45,-4651,11803,0,4651
264,26,17,2,True,2022-08-20T14:00:00Z,1,2,3,75,0,0,0,1,0,0,0,0,0,0,0,4,0.4,1.9,26.0,2.8,69,-23694,96805,2887,26581
265,26,17,2,True,2022-08-20T14:00:00Z,1,2,3,90,0,0,0,2,0,0,0,0,0,0,0,21,18.8,3.0,2.0,2.4,50,1408,39049,7152,5744
266,26,17,2,True,2022-08-20T14:00:00Z,1,2,3,90,0,0,0,2,0,0,0,0,0,0,0,13,21.6,17.6,10.0,4.9,50,61981,248415,106904,44923
267,26,17,0,True,2022-08-20T14:00:00Z,1,2,3,0,0,0,0,0,0,0,0,0,0,0,0,0,0.0,0.0,0.0,0.0,44,-6725,42109,1873,8598
268,26,17,1,True,2022-08-20T14:00:00Z,1,2,3,90,0,0,0,2,0,0,0,0,0,0,0,15,11.0,2.9,0.0,1.4,45,-2921,124483,10306,13227
269,26,17,0,True,2022-08-20T14:00:00Z,1,2,3,0,0,0,0,0,0,0,0,0,0,0,0,0,0.0,0.0,0.0,0.0,45,-3466,41999,3030,6496
270,26,17,0,True,2022-08-20T14:00:00Z,1,2,3,0,0,0,0,0,0,0,0,0,0,0,0,0,0.0,0.0,0.0,0.0,44,-1061,8472,194,1255
271,26,17,0,True,2022-08-20T14:00:00Z,1,2,3,25,0,0,0,2,0,0,0,1,0,0,0,-2,0.0,0.3,0.0,0.0,59,-18438,101732,7363,25801
272,26,17,0,True,2022-08-20T14:00:00Z,1,2,3,0,0,0,0,0,0,0,0,0,0,0,0,0,0.0,0.0,0.0,0.0,45,-9753,153875,13245,22998
273,26,17,0,True,2022-08-20T14:00:00Z,1,2,3,0,0,0,0,0,0,0,0,0,0,0,0,0,0.0,0.0,0.0,0.0,40,-1263,29552,2014,3277
274,27,14,2,False,2022-08-22T19:00:00Z,2,1,3,72,0,0,0,2,0,0,0,0,0,0,0,13,5.2,12.3,34.0,5.2,45,40295,138748,60877,20582
275,27,14,1,False,2022-08-22T19:00:00Z,2,1,3,58,0,0,0,2,0,0,0,0,0,0,0,13,11.0,13.0,6.0,3.0,55,-7669,111764,11660,19329
276,27,14,0,False,2022-08-22T19:00:00Z,2,1,3,0,0,0,0,0,0,0,0,0,0,0,0,0,0.0,0.0,0.0,0.0,59,-86977,128522,696,87673
277,27,14,0,False,2022-08-22T19:00:00Z,2,1,3,0,0,0,0,0,0,0,0,0,0,0,0,0,0.0,0.0,0.0,0.0,53,-39841,70596,1384,41225
278,27,14,0,False,2022-08-22T19:00:00Z,2,1,3,0,0,0,0,0,0,0,0,0,0,0,0,0,0.0,0.0,0.0,0.0,50,-162,849,30,192
279,27,14,2,False,2022-08-22T19:00:00Z,2,1,3,90,0,0,0,2,0,0,0,0,0,0,0,12,16.4,15.1,25.0,5.7,80,-2878,116439,26247,29125
280,27,14,1,False,2022-08-22T19:00:00Z,2,1,3,90,0,0,0,2,0,0,0,0,0,0,0,14,18.6,1.2,2.0,2.2,65,-87790,1302665,41283,129073
281,27,14,1,False,2022-08-22T19:00:00Z,2,1,3,90,0,0,0,2,0,0,0,0,0,2,0,19,23.8,0.0,0.0,2.4,55,-125038,1591356,44231,169269
282,27,14,1,False,2022-08-22T19:00:00Z,2,1,3,31,0,0,0,0,0,0,0,0,0,0,0,4,5.8,0.7,17.0,2.4,55,-1155,106741,15814,16969
283,27,14,8,False,2022-08-22T19:00:00Z,2,1,3,90,1,0,0,2,0,0,0,0,0,0,1,23,44.0,45.1,67.0,15.6,130,-84176,5661806,135020,219196
284,27,14,1,False,2022-08-22T19:00:00Z,2,1,3,84,0,0,0,2,0,0,0,0,0,0,0,12,9.0,32.3,10.0,5.1,69,-182486,879995,37647,220133
285,27,14,0,False,2022-08-22T19:00:00Z,2,1,3,90,0,0,0,2,0,0,0,1,0,0,0,12,13.8,42.7,5.0,6.2,75,-246992,4817953,91592,338584
286,27,14,1,False,2022-08-22T19:00:00Z,2,1,3,90,0,0,0,2,0,0,0,0,0,0,0,17,21.0,2.3,0.0,2.3,45,2493,31060,8064,5571
287,27,14,0,False,2022-08-22T19:00:00Z,2,1,3,0,0,0,0,0,0,0,0,0,0,0,0,0,0.0,0.0,0.0,0.0,49,2286,12931,5340,3054
288,27,14,0,False,2022-08-22T19:00:00Z,2,1,3,0,0,0,0,0,0,0,0,0,0,0,0,0,0.0,0.0,0.0,0.0,89,-7033,34014,1949,8982
289,27,14,0,False,2022-08-22T19:00:00Z,2,1,3,0,0,0,0,0,0,0,0,0,0,0,0,0,0.0,0.0,0.0,0.0,40,-1126,18836,384,1510
290,27,14,0,False,2022-08-22T19:00:00Z,2,1,3,0,0,0,0,0,0,0,0,0,0,0,0,0,0.0,0.0,0.0,0.0,49,-8906,29352,668,9574
291,27,14,0,False,2022-08-22T19:00:00Z,2,1,3,0,0,0,0,0,0,0,0,0,0,0,0,0,0.0,0.0,0.0,0.0,49,-135,730,47,182
292,27,14,1,False,2022-08-22T19:00:00Z,2,1,3,5,0,0,0,0,0,0,0,0,0,0,0,5,3.2,0.6,0.0,0.4,45,-459,8417,665,1124
293,27,14,2,False,2022-08-22T19:00:00Z,2,1,3,90,0,0,0,2,0,0,0,0,0,0,0,-4,2.8,4.3,47.0,5.4,80,188810,2044299,334802,145992
294,27,14,2,False,2022-08-22T19:00:00Z,2,1,3,90,0,0,0,2,0,0,0,0,0,0,0,7,3.8,26.2,34.0,6.4,50,13987,36400,21118,7131
295,23,8,1,False,2022-08-20T14:00:00Z,1,1,3,90,0,0,0,1,0,0,0,1,0,0,0,4,20.8,29.5,23.0,7.3,40,223736,2728576,336755,113019
296,27,14,4,False,2022-08-22T19:00:00Z,2,1,3,17,0,1,0,0,0,0,0,0,0,0,0,12,4.8,1.2,39.0,4.5,55,-2159,23232,2780,4939
297,27,14,0,False,2022-08-22T19:00:00Z,2,1,3,0,0,0,0,0,0,0,0,0,0,0,0,0,0.0,0.0,0.0,0.0,90,-1211928,994216,77679,1289607
298,27,14,0,False,2022-08-22T19:00:00Z,2,1,3,0,0,0,0,0,0,0,0,0,0,0,0,0,0.0,0.0,0.0,0.0,40,-3064,21405,1147,4211
299,28,15,1,False,2022-08-21T15:30:00Z,3,3,3,90,0,0,0,3,0,0,0,0,0,0,0,11,8.6,1.9,0.0,1.1,51,158507,1227445,273138,114631
300,28,15,8,False,2022-08-21T15:30:00Z,3,3,3,90,1,0,0,3,0,0,0,0,0,0,1,35,50.4,50.4,69.0,17.0,75,120509,272242,150217,29708
301,28,15,5,False,2022-08-21T15:30:00Z,3,3,3,90,0,1,0,3,0,0,0,0,0,0,0,25,38.2,70.4,27.0,13.6,121,407691,2104831,481367,73676
302,28,15,0,False,2022-08-21T15:30:00Z,3,3,3,90,0,0,0,3,0,0,0,1,0,0,0,10,5.6,1.9,0.0,0.8,54,-31282,203136,3385,34667
303,28,15,0,False,2022-08-21T15:30:00Z,3,3,3,0,0,0,0,0,0,0,0,0,0,0,0,0,0.0,0.0,0.0,0.0,79,-109456,340895,17863,127319
304,25,11,1,False,2022-08-21T13:00:00Z,3,0,3,86,0,0,0,3,0,0,0,1,0,0,0,-1,0.6,12.8,8.0,2.1,100,-14807,544730,58071,72878
305,28,15,0,False,2022-08-21T15:30:00Z,3,3,3,0,0,0,0,0,0,0,0,0,0,0,0,0,0.0,0.0,0.0,0.0,70,-87148,311221,20359,107507
306,28,15,0,False,2022-08-21T15:30:00Z,3,3,3,90,0,0,0,3,0,0,0,1,0,0,0,12,17.0,5.3,20.0,4.2,71,275177,4510949,362027,86850
307,28,15,1,False,2022-08-21T15:30:00Z,3,3,3,90,0,0,0,3,0,0,0,0,0,2,0,15,19.6,0.0,0.0,2.0,55,71113,1753816,179995,108882
308,28,15,1,False,2022-08-21T15:30:00Z,3,3,3,20,0,0,0,0,0,0,0,0,0,0,0,3,1.4,0.0,0.0,0.1,50,66989,224357,98638,31649
309,28,15,0,False,2022-08-21T15:30:00Z,3,3,3,0,0,0,0,0,0,0,0,0,0,0,0,0,0.0,0.0,0.0,0.0,59,-9107,35680,291,9398
310,28,15,0,False,2022-08-21T15:30:00Z,3,3,3,0,0,0,0,0,0,0,0,0,0,0,0,0,0.0,0.0,0.0,0.0,40,-362,2719,0,362
311,28,15,13,False,2022-08-21T15:30:00Z,3,3,3,90,1,1,0,3,0,0,0,0,0,0,3,46,61.8,35.2,37.0,13.4,68,-168029,413839,25292,193321
312,28,15,1,False,2022-08-21T15:30:00Z,3,3,3,69,0,0,0,3,0,0,0,0,0,0,0,11,19.8,22.3,25.0,6.7,60,-19254,1110529,73969,93223
313,21,3,6,False,2022-08-20T16:30:00Z,0,3,3,90,0,0,1,0,0,0,0,0,0,0,0,27,13.6,12.5,0.0,2.6,52,248945,2667853,434468,185523
314,28,15,2,False,2022-08-21T15:30:00Z,3,3,3,90,0,0,0,3,0,0,0,0,0,0,0,17,12.4,36.5,31.0,8.0,80,114627,766938,189602,74975
315,28,15,5,False,2022-08-21T15:30:00Z,3,3,3,90,0,1,0,3,0,0,0,0,0,0,0,29,39.2,16.8,40.0,9.6,60,-22168,248071,25803,47971
316,28,15,0,False,2022-08-21T15:30:00Z,3,3,3,0,0,0,0,0,0,0,0,0,0,0,0,0,0.0,0.0,0.0,0.0,45,-3338,12151,359,3697
317,28,15,0,False,2022-08-21T15:30:00Z,3,3,3,0,0,0,0,0,0,0,0,0,0,0,0,0,0.0,0.0,0.0,0.0,45,-171,729,0,171
318,28,15,6,False,2022-08-21T15:30:00Z,3,3,3,90,1,0,0,3,0,0,0,0,0,0,0,28,43.0,11.9,70.0,12.5,117,227317,5676608,368864,141547
319,28,15,0,False,2022-08-21T15:30:00Z,3,3,3,0,0,0,0,0,0,0,0,0,0,0,0,0,0.0,0.0,0.0,0.0,63,-54243,162796,8377,62620
320,28,15,0,False,2022-08-21T15:30:00Z,3,3,3,0,0,0,0,0,0,0,0,0,0,0,0,0,0.0,0.0,0.0,0.0,40,-1476,11054,304,1780
321,26,10,1,False,2022-08-20T14:00:00Z,1,2,3,90,0,0,0,1,0,0,0,1,0,0,0,13,18.0,2.1,7.0,2.7,45,22168,63296,35983,13815
322,28,15,0,False,2022-08-21T15:30:00Z,3,3,3,0,0,0,0,0,0,0,0,0,0,0,0,0,0.0,0.0,0.0,0.0,40,-4824,52674,5133,9957
323,28,15,0,False,2022-08-21T15:30:00Z,3,3,3,0,0,0,0,0,0,0,0,0,0,0,0,0,0.0,0.0,0.0,0.0,45,-6270,56359,4977,11247
324,28,15,0,False,2022-08-21T15:30:00Z,3,3,3,0,0,0,0,0,0,0,0,0,0,0,0,0,0.0,0.0,0.0,0.0,40,-4267,40616,1220,5487
325,28,15,0,False,2022-08-21T15:30:00Z,3,3,3,0,0,0,0,0,0,0,0,0,0,0,0,0,0.0,0.0,0.0,0.0,49,-16496,27255,611,17107
326,27,12,1,True,2022-08-22T19:00:00Z,2,1,3,4,0,0,0,0,0,0,0,0,0,0,0,1,0.0,0.0,3.0,0.2,104,-96904,345362,16665,113569
327,27,12,3,True,2022-08-22T19:00:00Z,2,1,3,90,0,0,0,1,0,0,0,0,0,5,0,18,33.6,0.0,0.0,3.4,49,-166744,487285,5720,172464
328,27,12,0,True,2022-08-22T19:00:00Z,2,1,3,0,0,0,0,0,0,0,0,0,0,0,0,0,0.0,0.0,0.0,0.0,40,-3246,33099,1804,5050
329,27,12,1,True,2022-08-22T19:00:00Z,2,1,3,90,0,0,0,1,0,0,0,1,0,0,0,8,25.6,10.3,2.0,3.8,49,-27732,138217,5761,33493
330,27,12,0,True,2022-08-22T19:00:00Z,2,1,3,0,0,0,0,0,0,0,0,0,0,0,0,0,0.0,0.0,0.0,0.0,49,-23056,61844,2107,25163
331,27,12,1,True,2022-08-22T19:00:00Z,2,1,3,19,0,0,0,1,0,0,0,0,0,0,0,7,6.8,0.1,0.0,0.7,54,-20961,65145,2951,23912
332,27,12,0,True,2022-08-22T19:00:00Z,2,1,3,0,0,0,0,0,0,0,0,0,0,0,0,0,0.0,0.0,0.0,0.0,49,-24730,68446,2162,26892
333,27,12,1,True,2022-08-22T19:00:00Z,2,1,3,90,0,0,0,1,0,0,0,1,0,0,0,6,21.6,29.3,21.0,7.2,98,-84609,178059,2432,87041
334,27,12,0,True,2022-08-22T19:00:00Z,2,1,3,0,0,0,0,0,0,0,0,0,0,0,0,0,0.0,0.0,0.0,0.0,50,-1223,3560,0,1223
335,27,12,10,True,2022-08-22T19:00:00Z,2,1,3,85,1,0,0,1,0,0,0,0,0,0,3,28,36.0,0.8,76.0,11.3,63,-457103,442943,15447,472550
336,27,12,1,True,2022-08-22T19:00:00Z,2,1,3,4,0,0,0,0,0,0,0,0,0,0,0,2,0.0,0.3,0.0,0.0,54,-12912,36990,1306,14218
337,27,12,0,True,2022-08-22T19:00:00Z,2,1,3,0,0,0,0,0,0,0,0,0,0,0,0,0,0.0,0.0,0.0,0.0,44,-6023,11989,117,6140
338,27,12,2,True,2022-08-22T19:00:00Z,2,1,3,90,0,0,0,1,0,0,0,0,0,0,0,14,13.0,0.5,0.0,1.4,49,-5578,21148,1932,7510
339,27,12,0,True,2022-08-22T19:00:00Z,2,1,3,0,0,0,0,0,0,0,0,0,0,0,0,0,0.0,0.0,0.0,0.0,40,-14447,143539,7061,21508
340,27,12,10,True,2022-08-22T19:00:00Z,2,1,3,70,1,0,1,0,0,0,0,0,0,0,2,27,39.0,14.9,23.0,7.7,73,-340703,434332,7323,348026
341,27,12,1,True,2022-08-22T19:00:00Z,2,1,3,4,0,0,0,0,0,0,0,0,0,0,0,4,3.0,0.0,0.0,0.3,44,-6303,28886,1497,7800
342,27,12,1,True,2022-08-22T19:00:00Z,2,1,3,85,0,0,0,1,0,0,0,1,0,0,0,12,20.4,20.7,10.0,5.1,44,-119847,254053,6410,126257
343,27,12,0,True,2022-08-22T19:00:00Z,2,1,3,0,0,0,0,0,0,0,0,0,0,0,0,0,0.0,0.0,0.0,0.0,40,-23847,191895,4100,27947
344,27,12,4,True,2022-08-22T19:00:00Z,2,1,3,45,0,1,0,0,0,0,0,0,0,0,0,10,16.6,11.1,6.0,3.4,49,-15361,62160,3737,19098
345,27,12,4,True,2022-08-22T19:00:00Z,2,1,3,45,0,1,0,1,0,0,0,0,0,0,0,19,24.4,24.0,6.0,5.4,69,-30600,70663,1898,32498
346,24,4,8,True,2022-08-20T14:00:00Z,3,2,3,90,0,1,0,2,0,0,0,0,0,0,3,26,35.2,61.7,34.0,13.1,45,-137623,2117882,122958,260581
347,27,12,0,True,2022-08-22T19:00:00Z,2,1,3,0,0,0,0,0,0,0,0,0,0,0,0,0,0.0,0.0,0.0,0.0,45,-762,3972,259,1021
348,27,12,0,True,2022-08-22T19:00:00Z,2,1,3,0,0,0,0,0,0,0,0,0,0,0,0,0,0.0,0.0,0.0,0.0,40,-832,46626,1984,2816
349,28,13,0,True,2022-08-21T15:30:00Z,3,3,3,0,0,0,0,0,0,0,0,0,0,0,0,0,0.0,0.0,0.0,0.0,49,-946,2892,72,1018
350,28,13,0,True,2022-08-21T15:30:00Z,3,3,3,0,0,0,0,0,0,0,0,0,0,0,0,0,0.0,0.0,0.0,0.0,44,-1122,8485,277,1399
351,28,13,0,True,2022-08-21T15:30:00Z,3,3,3,0,0,0,0,0,0,0,0,0,0,0,0,0,0.0,0.0,0.0,0.0,44,-782,3912,64,846
352,28,13,0,True,2022-08-21T15:30:00Z,3,3,3,0,0,0,0,0,0,0,0,0,0,0,0,0,0.0,0.0,0.0,0.0,45,-58,306,0,58
353,28,13,0,True,2022-08-21T15:30:00Z,3,3,3,0,0,0,0,0,0,0,0,0,0,0,0,0,0.0,0.0,0.0,0.0,40,-10800,232009,3100,13900
354,28,13,1,True,2022-08-21T15:30:00Z,3,3,3,21,0,0,0,0,0,0,0,0,0,0,0,4,2.6,0.8,0.0,0.3,59,-28401,98208,4808,33209
355,28,13,0,True,2022-08-21T15:30:00Z,3,3,3,0,0,0,0,0,0,0,0,0,0,0,0,0,0.0,0.0,0.0,0.0,44,-10482,80477,2482,12964
356,28,13,6,True,2022-08-21T15:30:00Z,3,3,3,69,1,0,0,3,0,0,0,0,0,0,0,26,34.2,0.4,76.0,11.1,75,-75028,273938,22764,97792
357,28,13,6,True,2022-08-21T15:30:00Z,3,3,3,90,1,0,0,3,0,0,0,1,0,0,0,18,48.0,13.2,7.0,6.8,50,-1124,1948727,229205,230329
358,28,13,1,True,2022-08-21T15:30:00Z,3,3,3,90,0,0,0,3,0,0,0,0,0,0,0,10,10.0,10.7,2.0,2.3,45,17312,139000,33015,15703
359,28,13,0,True,2022-08-21T15:30:00Z,3,3,3,0,0,0,0,0,0,0,0,0,0,0,0,0,0.0,0.0,0.0,0.0,54,-4360,10209,433,4793
360,28,13,0,True,2022-08-21T15:30:00Z,3,3,3,0,0,0,0,0,0,0,0,0,0,0,0,0,0.0,0.0,0.0,0.0,44,-817,10703,643,1460
361,28,13,0,True,2022-08-21T15:30:00Z,3,3,3,0,0,0,0,0,0,0,0,0,0,0,0,0,0.0,0.0,0.0,0.0,45,-2178,12954,0,2178
362,28,13,0,True,2022-08-21T15:30:00Z,3,3,3,0,0,0,0,0,0,0,0,0,0,0,0,0,0.0,0.0,0.0,0.0,40,-2914,49711,3149,6063
363,28,13,0,True,2022-08-21T15:30:00Z,3,3,3,0,0,0,0,0,0,0,0,0,0,0,0,0,0.0,0.0,0.0,0.0,44,-816,6621,143,959
364,28,13,1,True,2022-08-21T15:30:00Z,3,3,3,1,0,0,0,0,0,0,0,0,0,0,0,3,0.0,0.0,0.0,0.0,44,-1175,3978,24,1199
365,28,13,1,True,2022-08-21T15:30:00Z,3,3,3,7,0,0,0,0,0,0,0,0,0,0,0,3,0.0,0.0,0.0,0.0,45,-55443,510704,23163,78606
366,28,13,0,True,2022-08-21T15:30:00Z,3,3,3,90,0,0,0,3,0,0,0,1,0,0,0,9,24.4,0.2,0.0,2.5,46,203883,699172,272486,68603
367,28,13,0,True,2022-08-21T15:30:00Z,3,3,3,0,0,0,0,0,0,0,0,0,0,0,0,0,0.0,0.0,0.0,0.0,49,-51318,84010,1094,52412
368,28,13,13,True,2022-08-21T15:30:00Z,3,3,3,90,0,3,0,3,0,0,0,0,0,0,2,43,49.6,50.6,35.0,13.5,64,-125887,550959,33343,159230
369,28,13,7,True,2022-08-21T15:30:00Z,3,3,3,82,1,0,0,3,0,0,0,0,0,0,0,19,31.2,11.5,59.0,10.2,50,-14210,116140,18169,32379
370,28,13,1,True,2022-08-21T15:30:00Z,3,3,3,20,0,0,0,0,0,0,0,0,0,0,0,3,0.0,0.3,2.0,0.2,45,-5289,94286,8559,13848
371,28,13,1,True,2022-08-21T15:30:00Z,3,3,3,90,0,0,0,3,0,0,0,1,0,0,0,9,20.8,22.0,4.0,4.7,60,-10528,68717,5823,16351
372,28,13,0,True,2022-08-21T15:30:00Z,3,3,3,0,0,0,0,0,0,0,0,0,0,0,0,0,0.0,0.0,0.0,0.0,44,-416,2299,38,454
373,28,13,2,True,2022-08-21T15:30:00Z,3,3,3,69,0,0,0,3,0,0,0,0,0,0,0,11,10.4,14.9,2.0,2.7,50,-4578,52609,5951,10529
374,28,13,1,True,2022-08-21T15:30:00Z,3,3,3,90,0,0,0,3,0,0,0,1,0,0,0,5,18.2,12.5,0.0,3.1,59,-163478,748155,30163,193641
375,28,13,0,True,2022-08-21T15:30:00Z,3,3,3,0,0,0,0,0,0,0,0,0,0,0,0,0,0.0,0.0,0.0,0.0,45,-57,385,0,57
376,28,13,3,True,2022-08-21T15:30:00Z,3,3,3,90,0,0,0,3,0,0,0,0,0,7,0,23,45.8,0.0,0.0,4.6,50,27862,471486,67945,40083
377,28,13,1,True,2022-08-21T15:30:00Z,3,3,3,90,0,0,0,3,0,0,0,0,0,0,0,12,8.6,10.4,6.0,2.5,45,-1829,193303,15100,16929
378,23,8,0,False,2022-08-20T14:00:00Z,1,1,3,0,0,0,0,0,0,0,0,0,0,0,0,0,0.0,0.0,0.0,0.0,45,-2367,21550,1395,3762
379,23,8,2,False,2022-08-20T14:00:00Z,1,1,3,90,0,0,0,1,0,0,0,0,0,0,0,21,30.4,0.4,0.0,3.1,45,-1961,12421,490,2451
380,23,8,0,False,2022-08-20T14:00:00Z,1,1,3,0,0,0,0,0,0,0,0,0,0,0,0,0,0.0,0.0,0.0,0.0,45,-54686,935830,68048,122734
381,23,8,0,False,2022-08-20T14:00:00Z,1,1,3,0,0,0,0,0,0,0,0,0,0,0,0,0,0.0,0.0,0.0,0.0,45,-30076,124965,4130,34206
382,23,8,0,False,2022-08-20T14:00:00Z,1,1,3,0,0,0,0,0,0,0,0,0,0,0,0,0,0.0,0.0,0.0,0.0,45,-38,240,0,38
383,23,8,0,False,2022-08-20T14:00:00Z,1,1,3,0,0,0,0,0,0,0,0,0,0,0,0,0,0.0,0.0,0.0,0.0,45,-3211,40122,3610,6821
384,23,8,0,False,2022-08-20T14:00:00Z,1,1,3,0,0,0,0,0,0,0,0,0,0,0,0,0,0.0,0.0,0.0,0.0,49,-1560,3562,194,1754
385,23,8,2,False,2022-08-20T14:00:00Z,1,1,3,90,0,0,0,1,0,0,0,0,0,0,0,10,4.6,0.8,2.0,0.7,45,-222,11885,1103,1325
386,23,8,0,False,2022-08-20T14:00:00Z,1,1,3,0,0,0,0,0,0,0,0,0,0,0,0,0,0.0,0.0,0.0,0.0,40,-3056,15263,0,3056
387,23,8,4,False,2022-08-20T14:00:00Z,1,1,3,35,0,1,0,1,0,0,0,0,0,0,0,12,5.4,0.8,47.0,5.3,50,-728,2689,53,781
388,23,8,1,False,2022-08-20T14:00:00Z,1,1,3,90,0,0,0,1,0,0,0,1,0,0,0,9,16.2,0.6,0.0,1.7,45,1174,13500,2187,1013
389,23,8,0,False,2022-08-20T14:00:00Z,1,1,3,0,0,0,0,0,0,0,0,0,0,0,0,0,0.0,0.0,0.0,0.0,40,-195,1565,0,195
390,23,8,0,False,2022-08-20T14:00:00Z,1,1,3,0,0,0,0,0,0,0,0,0,0,0,0,0,0.0,0.0,0.0,0.0,50,-320,856,0,320
391,23,8,0,False,2022-08-20T14:00:00Z,1,1,3,0,0,0,0,0,0,0,0,0,0,0,0,0,0.0,0.0,0.0,0.0,50,-10584,144265,19129,29713
392,23,8,0,False,2022-08-20T14:00:00Z,1,1,3,0,0,0,0,0,0,0,0,0,0,0,0,0,0.0,0.0,0.0,0.0,45,-1029,2285,0,1029
393,23,8,0,False,2022-08-20T14:00:00Z,1,1,3,0,0,0,0,0,0,0,0,0,0,0,0,0,0.0,0.0,0.0,0.0,44,-387,4022,177,564
394,23,8,9,False,2022-08-20T14:00:00Z,1,1,3,90,1,0,0,1,0,0,0,0,0,0,3,32,38.0,10.8,27.0,7.6,59,-21990,143037,9523,31513
395,23,8,0,False,2022-08-20T14:00:00Z,1,1,3,0,0,0,0,0,0,0,0,0,0,0,0,0,0.0,0.0,0.0,0.0,49,-320,2509,218,538
396,23,8,0,False,2022-08-20T14:00:00Z,1,1,3,0,0,0,0,0,0,0,0,0,0,0,0,0,0.0,0.0,0.0,0.0,45,-2606,7917,189,2795
397,23,8,2,False,2022-08-20T14:00:00Z,1,1,3,60,0,0,1,0,0,0,0,0,0,0,0,7,7.2,14.0,23.0,4.4,59,48781,143709,65054,16273
398,23,8,4,False,2022-08-20T14:00:00Z,1,1,3,90,0,0,0,1,0,0,0,0,0,7,0,26,48.8,0.0,0.0,4.9,45,185685,765065,219118,33433
399,23,8,0,False,2022-08-20T14:00:00Z,1,1,3,0,0,0,0,0,0,0,0,0,0,0,0,0,0.0,0.0,0.0,0.0,45,-605,6673,424,1029
400,26,10,0,False,2022-08-20T14:00:00Z,1,2,3,0,0,0,0,0,0,0,0,0,0,0,0,0,0.0,0.0,0.0,0.0,49,-276,1714,167,443
401,26,10,0,False,2022-08-20T14:00:00Z,1,2,3,0,0,0,0,0,0,0,0,0,0,0,0,0,0.0,0.0,0.0,0.0,45,-2598,24294,214,2812
402,26,10,0,False,2022-08-20T14:00:00Z,1,2,3,0,0,0,0,0,0,0,0,0,0,0,0,0,0.0,0.0,0.0,0.0,49,-1568,9275,210,1778
403,26,10,0,False,2022-08-20T14:00:00Z,1,2,3,0,0,0,0,0,0,0,0,0,0,0,0,0,0.0,0.0,0.0,0.0,54,-905,5926,218,1123
404,26,10,0,False,2022-08-20T14:00:00Z,1,2,3,0,0,0,0,0,0,0,0,0,0,0,0,0,0.0,0.0,0.0,0.0,45,-447,4985,83,530
405,26,10,1,False,2022-08-20T14:00:00Z,1,2,3,20,0,0,0,0,0,0,0,0,0,0,0,3,1.4,11.3,3.0,1.6,50,-570,10127,1290,1860
406,26,10,1,False,2022-08-20T14:00:00Z,1,2,3,90,0,0,0,1,0,0,0,1,0,0,0,1,1.2,1.0,8.0,1.0,54,-839,7633,260,1099
407,26,10,7,False,2022-08-20T14:00:00Z,1,2,3,90,0,1,0,1,0,0,0,0,0,0,2,31,32.4,59.8,0.0,9.2,65,-32738,971090,90397,123135
408,26,10,2,False,2022-08-20T14:00:00Z,1,2,3,69,0,0,0,1,0,0,0,0,0,0,0,5,2.6,1.3,4.0,0.8,55,8212,80588,22460,14248
409,26,10,2,False,2022-08-20T14:00:00Z,1,2,3,90,0,0,0,1,0,0,0,0,0,0,0,9,13.0,31.4,6.0,5.0,45,8258,118330,15565,7307
410,26,10,0,False,2022-08-20T14:00:00Z,1,2,3,0,0,0,0,0,0,0,0,0,0,0,0,0,0.0,0.0,0.0,0.0,45,-3707,39620,733,4440
411,26,10,12,False,2022-08-20T14:00:00Z,1,2,3,31,2,0,0,0,0,0,0,0,0,0,3,53,64.0,0.5,38.0,10.3,64,-7810,48946,3102,10912
412,26,10,0,False,2022-08-20T14:00:00Z,1,2,3,0,0,0,0,0,0,0,0,0,0,0,0,0,0.0,0.0,0.0,0.0,50,-79,317,0,79
413,26,10,1,False,2022-08-20T14:00:00Z,1,2,3,2,0,0,0,0,0,0,0,0,0,0,0,4,3.0,0.0,0.0,0.3,45,-421,3560,44,465
414,26,10,0,False,2022-08-20T14:00:00Z,1,2,3,0,0,0,0,0,0,0,0,0,0,0,0,0,0.0,0.0,0.0,0.0,40,-2427,83934,6509,8936
415,26,10,0,False,2022-08-20T14:00:00Z,1,2,3,0,0,0,0,0,0,0,0,0,0,0,0,0,0.0,0.0,0.0,0.0,45,-205,1609,0,205
416,26,10,0,False,2022-08-20T14:00:00Z,1,2,3,0,0,0,0,0,0,0,0,0,0,0,0,0,0.0,0.0,0.0,0.0,45,-6865,59325,2501,9366
417,26,10,0,False,2022-08-20T14:00:00Z,1,2,3,0,0,0,0,0,0,0,0,0,0,0,0,0,0.0,0.0,0.0,0.0,45,-972,4022,37,1009
418,26,10,2,False,2022-08-20T14:00:00Z,1,2,3,90,0,0,0,1,0,0,0,0,0,0,0,20,19.0,6.0,4.0,2.9,50,-157,14058,3034,3191
419,26,10,0,False,2022-08-20T14:00:00Z,1,2,3,0,0,0,0,0,0,0,0,0,0,0,0,0,0.0,0.0,0.0,0.0,45,-175,1652,119,294
420,26,10,2,False,2022-08-20T14:00:00Z,1,2,3,90,0,0,0,1,0,0,0,0,0,0,0,12,18.6,0.7,4.0,2.3,44,-1556,14196,848,2404
421,26,10,0,False,2022-08-20T14:00:00Z,1,2,3,0,0,0,0,0,0,0,0,0,0,0,0,0,0.0,0.0,0.0,0.0,40,-897,30470,822,1719
422,26,10,2,False,2022-08-20T14:00:00Z,1,2,3,90,0,0,0,1,0,0,0,0,0,0,0,9,3.4,0.0,0.0,0.3,45,-3354,62050,1629,4983
423,26,10,5,False,2022-08-20T14:00:00Z,1,2,3,90,0,1,0,1,0,0,0,0,0,0,0,19,26.8,12.1,11.0,5.0,45,-399,6473,221,620
424,26,10,0,False,2022-08-20T14:00:00Z,1,2,3,0,0,0,0,0,0,0,0,0,0,0,0,0,0.0,0.0,0.0,0.0,40,-2822,109847,2284,5106
425,29,20,9,True,2022-08-20T11:30:00Z,1,0,3,90,0,0,1,0,0,0,0,0,0,3,2,31,19.8,0.0,0.0,2.0,55,-12667,405835,26413,39080
426,29,20,0,True,2022-08-20T11:30:00Z,1,0,3,0,0,0,0,0,0,0,0,0,0,0,0,0,0.0,0.0,0.0,0.0,40,-21841,521986,7552,29393
427,29,20,6,True,2022-08-20T11:30:00Z,1,0,3,90,1,0,1,0,0,0,0,1,0,0,1,30,40.6,26.2,80.0,14.7,114,-13241,1614483,151387,164628
428,29,20,3,True,2022-08-20T11:30:00Z,1,0,3,75,0,0,1,0,0,0,0,0,0,0,0,-2,0.0,5.8,31.0,3.5,119,-218263,1709937,73460,291723
429,29,20,0,True,2022-08-20T11:30:00Z,1,0,3,0,0,0,0,0,0,0,0,0,0,0,0,0,0.0,0.0,0.0,0.0,48,-16023,47723,2738,18761
430,29,20,6,True,2022-08-20T11:30:00Z,1,0,3,90,0,0,1,0,0,0,0,0,0,0,0,25,21.8,0.7,0.0,2.3,50,23848,434979,67594,43746
431,29,20,0,True,2022-08-20T11:30:00Z,1,0,3,0,0,0,0,0,0,0,0,0,0,0,0,0,0.0,0.0,0.0,0.0,59,-2992,32079,3541,6533
432,29,20,6,True,2022-08-20T11:30:00Z,1,0,3,90,0,0,1,0,0,0,0,0,0,0,0,25,13.0,3.0,0.0,1.6,50,6164,83650,13451,7287
433,29,20,2,True,2022-08-20T11:30:00Z,1,0,3,90,0,0,1,0,0,0,0,1,0,0,0,12,24.8,4.4,7.0,3.6,55,61305,165963,77052,15747
434,29,20,0,True,2022-08-20T11:30:00Z,1,0,3,0,0,0,0,0,0,0,0,0,0,0,0,0,0.0,0.0,0.0,0.0,45,-6110,201512,24772,30882
435,29,20,6,True,2022-08-20T11:30:00Z,1,0,3,90,0,0,1,0,0,0,0,0,0,0,0,25,25.2,0.9,11.0,3.7,44,-5217,59754,5870,11087
436,29,20,1,True,2022-08-20T11:30:00Z,1,0,3,14,0,0,0,0,0,0,0,0,0,0,0,4,0.2,0.1,2.0,0.2,45,42700,219677,77634,34934
437,29,20,0,True,2022-08-20T11:30:00Z,1,0,3,0,0,0,0,0,0,0,0,0,0,0,0,0,0.0,0.0,0.0,0.0,55,-38,221,0,38
438,29,20,0,True,2022-08-20T11:30:00Z,1,0,3,0,0,0,0,0,0,0,0,0,0,0,0,0,0.0,0.0,0.0,0.0,44,-33206,142174,6115,39321
439,29,20,0,True,2022-08-20T11:30:00Z,1,0,3,0,0,0,0,0,0,0,0,0,0,0,0,0,0.0,0.0,0.0,0.0,40,-22909,322517,15622,38531
440,29,20,3,True,2022-08-20T11:30:00Z,1,0,3,90,0,0,1,0,0,0,0,0,0,0,0,20,25.6,3.3,0.0,2.9,55,-441,37176,6679,7120
441,29,20,0,True,2022-08-20T11:30:00Z,1,0,3,0,0,0,0,0,0,0,0,0,0,0,0,0,0.0,0.0,0.0,0.0,45,-1454,9446,332,1786
442,29,20,0,True,2022-08-20T11:30:00Z,1,0,3,0,0,0,0,0,0,0,0,0,0,0,0,0,0.0,0.0,0.0,0.0,40,-1383,7518,0,1383
443,29,20,0,True,2022-08-20T11:30:00Z,1,0,3,0,0,0,0,0,0,0,0,0,0,0,0,0,0.0,0.0,0.0,0.0,50,-47988,192238,17726,65714
444,29,20,1,True,2022-08-20T11:30:00Z,1,0,3,4,0,0,0,0,0,0,0,0,0,0,0,4,2.0,10.0,0.0,1.2,50,-1962,55908,8044,10006
445,29,20,6,True,2022-08-20T11:30:00Z,1,0,3,90,0,0,1,0,0,0,0,0,0,0,0,29,13.2,7.6,22.0,4.3,50,63080,285445,108009,44929
446,29,20,3,True,2022-08-20T11:30:00Z,1,0,3,85,0,0,1,0,0,0,0,0,0,0,0,9,8.0,39.8,12.0,6.0,82,306498,1468011,458077,151579
447,29,20,0,True,2022-08-20T11:30:00Z,1,0,3,0,0,0,0,0,0,0,0,0,0,0,0,0,0.0,0.0,0.0,0.0,45,-1184,7501,0,1184
448,29,20,12,True,2022-08-20T11:30:00Z,1,0,3,75,0,1,1,0,0,0,0,0,0,0,3,33,34.0,40.9,6.0,8.1,54,-193692,1550856,85043,278735
449,29,20,0,True,2022-08-20T11:30:00Z,1,0,3,0,0,0,0,0,0,0,0,0,0,0,0,0,0.0,0.0,0.0,0.0,45,-1063,39710,5795,6858
450,29,20,0,True,2022-08-20T11:30:00Z,1,0,3,0,0,0,0,0,0,0,0,0,0,0,0,0,0.0,0.0,0.0,0.0,45,-3709,49381,4922,8631
451,29,20,0,True,2022-08-20T11:30:00Z,1,0,3,0,0,0,0,0,0,0,0,0,0,0,0,0,0.0,0.0,0.0,0.0,40,-576,33249,1308,1884
452,29,20,0,True,2022-08-20T11:30:00Z,1,0,3,0,0,0,0,0,0,0,0,0,0,0,0,0,0.0,0.0,0.0,0.0,45,-465,9604,1041,1506
453,29,20,0,True,2022-08-20T11:30:00Z,1,0,3,0,0,0,0,0,0,0,0,0,0,0,0,0,0.0,0.0,0.0,0.0,45,-1707,12065,0,1707
454,29,20,1,True,2022-08-20T11:30:00Z,1,0,3,14,0,0,0,0,0,0,0,0,0,0,0,3,4.4,0.7,6.0,1.1,85,15956,71498,28094,12138
455,30,5,1,True,2022-08-21T13:00:00Z,0,2,3,90,0,0,0,2,0,0,0,0,0,0,0,9,4.2,0.0,0.0,0.4,50,-3963,100325,5969,9932
456,30,5,0,True,2022-08-21T13:00:00Z,0,2,3,0,0,0,0,0,0,0,0,0,0,0,0,0,0.0,0.0,0.0,0.0,45,-924,5434,87,1011
457,30,5,0,True,2022-08-21T13:00:00Z,0,2,3,90,0,0,0,2,0,0,0,1,0,0,0,6,10.2,38.8,18.0,6.7,50,-19414,307342,20572,39986
458,30,5,2,True,2022-08-21T13:00:00Z,0,2,3,74,0,0,0,2,0,0,0,0,0,0,0,4,1.6,11.1,6.0,1.9,74,-71167,314428,23797,94964
459,30,5,0,True,2022-08-21T13:00:00Z,0,2,3,0,0,0,0,0,0,0,0,0,0,0,0,0,0.0,0.0,0.0,0.0,49,-7390,25397,174,7564
460,30,5,1,True,2022-08-21T13:00:00Z,0,2,3,15,0,0,0,0,0,0,0,0,0,0,0,2,1.4,0.9,0.0,0.2,55,-3803,27401,2592,6395
461,30,5,1,True,2022-08-21T13:00:00Z,0,2,3,90,0,0,0,2,0,0,0,0,0,0,0,12,14.0,0.9,24.0,3.9,45,-6854,141072,9189,16043
462,30,5,0,True,2022-08-21T13:00:00Z,0,2,3,0,0,0,0,0,0,0,0,0,0,0,0,0,0.0,0.0,0.0,0.0,45,-427,1424,0,427
463,30,5,1,True,2022-08-21T13:00:00Z,0,2,3,74,0,0,0,2,0,0,0,0,0,0,0,8,12.4,11.3,0.0,2.4,45,-6119,106619,7632,13751
464,30,5,2,True,2022-08-21T13:00:00Z,0,2,3,74,0,0,0,2,0,0,0,0,0,0,0,6,2.0,2.1,23.0,2.7,60,3807,193031,42053,38246
465,30,5,2,True,2022-08-21T13:00:00Z,0,2,3,90,0,0,0,2,0,0,0,0,0,0,0,5,12.8,17.4,32.0,6.2,84,-108870,475511,18826,127696
466,30,5,0,True,2022-08-21T13:00:00Z,0,2,3,0,0,0,0,0,0,0,0,0,0,0,0,0,0.0,0.0,0.0,0.0,50,-1434,2065,0,1434
467,30,5,2,True,2022-08-21T13:00:00Z,0,2,3,90,0,0,0,2,0,0,0,0,0,0,0,14,15.2,23.6,12.0,5.1,50,-51790,534098,39029,90819
468,30,5,2,True,2022-08-21T13:00:00Z,0,2,3,90,0,0,0,2,0,0,0,0,0,0,0,11,17.8,1.6,56.0,7.5,55,-13872,145036,7678,21550
469,30,5,2,True,2022-08-21T13:00:00Z,0,2,3,61,0,0,0,1,0,0,0,0,0,0,0,7,5.6,6.8,7.0,1.9,55,-16294,115021,7193,23487
470,24,4,0,True,2022-08-20T14:00:00Z,3,2,3,0,0,0,0,0,0,0,0,0,0,0,0,0,0.0,0.0,0.0,0.0,45,-1635,14757,556,2191
471,30,5,1,True,2022-08-21T13:00:00Z,0,2,3,15,0,0,0,0,0,0,0,0,0,0,0,5,9.8,15.1,0.0,2.5,45,-538,11994,815,1353
472,30,5,0,True,2022-08-21T13:00:00Z,0,2,3,0,0,0,0,0,0,0,0,0,0,0,0,0,0.0,0.0,0.0,0.0,49,-1393,5404,186,1579
473,30,5,0,True,2022-08-21T13:00:00Z,0,2,3,0,0,0,0,0,0,0,0,0,0,0,0,0,0.0,0.0,0.0,0.0,45,-15739,134155,6319,22058
474,29,18,0,False,2022-08-20T11:30:00Z,1,0,3,0,0,0,0,0,0,0,0,0,0,0,0,0,0.0,0.0,0.0,0.0,44,-3499,23756,897,4396
475,23,16,2,True,2022-08-20T14:00:00Z,1,1,3,90,0,0,0,1,0,0,0,0,0,0,0,14,21.0,0.4,0.0,2.1,49,-28682,310962,12137,40819
476,29,18,1,False,2022-08-20T11:30:00Z,1,0,3,31,0,0,0,1,0,0,0,0,0,0,0,4,1.0,0.0,6.0,0.7,69,-4112,16733,613,4725
477,29,18,2,False,2022-08-20T11:30:00Z,1,0,3,90,0,0,0,1,0,0,0,0,0,0,0,13,20.4,8.8,16.0,4.5,45,-5440,53189,2587,8027
478,29,18,3,False,2022-08-20T11:30:00Z,1,0,3,90,0,0,0,1,0,0,0,0,0,3,0,14,22.8,0.0,0.0,2.3,50,31032,398294,58999,27967
479,29,18,1,False,2022-08-20T11:30:00Z,1,0,3,32,0,0,0,1,0,0,0,0,0,0,0,5,4.4,10.3,2.0,1.7,50,-472,15953,2091,2563
480,29,18,2,False,2022-08-20T11:30:00Z,1,0,3,90,0,0,0,1,0,0,0,0,0,0,0,21,16.8,40.9,9.0,6.7,55,-15327,160130,11057,26384
481,29,18,1,False,2022-08-20T11:30:00Z,1,0,3,9,0,0,0,0,0,0,0,0,0,0,0,3,0.0,0.8,8.0,0.9,60,-10575,43924,4055,14630
482,29,18,1,False,2022-08-20T11:30:00Z,1,0,3,19,0,0,0,0,0,0,0,0,0,0,0,9,8.6,11.1,10.0,3.0,50,1233,6202,1829,596
483,29,18,1,False,2022-08-20T11:30:00Z,1,0,3,58,0,0,0,0,0,0,0,0,0,0,0,6,6.0,21.7,4.0,3.2,55,-11420,179591,35401,46821
484,29,18,2,False,2022-08-20T11:30:00Z,1,0,3,90,0,0,0,1,0,0,0,0,0,0,0,16,22.0,0.8,4.0,2.7,45,-802,73247,5502,6304
485,29,18,0,False,2022-08-20T11:30:00Z,1,0,3,0,0,0,0,0,0,0,0,0,0,0,0,0,0.0,0.0,0.0,0.0,45,-3462,36583,1767,5229
486,29,18,2,False,2022-08-20T11:30:00Z,1,0,3,70,0,0,0,1,0,0,0,0,0,0,0,7,6.4,36.6,12.0,5.5,54,-272806,1175989,43398,316204
487,29,18,1,False,2022-08-20T11:30:00Z,1,0,3,70,0,0,0,1,0,0,0,1,0,0,0,4,15.4,3.6,21.0,4.0,45,-6443,156168,15410,21853
488,29,18,0,False,2022-08-20T11:30:00Z,1,0,3,0,0,0,0,0,0,0,0,0,0,0,0,0,0.0,0.0,0.0,0.0,55,-681,2993,0,681
489,29,18,0,False,2022-08-20T11:30:00Z,1,0,3,0,0,0,0,0,0,0,0,0,0,0,0,0,0.0,0.0,0.0,0.0,40,-2197,83048,7208,9405
490,29,18,0,False,2022-08-20T11:30:00Z,1,0,3,0,0,0,0,0,0,0,0,0,0,0,0,0,0.0,0.0,0.0,0.0,50,1,307,52,51
491,29,18,1,False,2022-08-20T11:30:00Z,1,0,3,19,0,0,0,0,0,0,0,0,0,0,0,4,4.2,4.8,0.0,0.9,55,890,13465,2758,1868
492,29,18,0,False,2022-08-20T11:30:00Z,1,0,3,0,0,0,0,0,0,0,0,0,0,0,0,0,0.0,0.0,0.0,0.0,40,-3693,204018,5774,9467
493,23,8,1,False,2022-08-20T14:00:00Z,1,1,3,29,0,0,0,1,0,0,0,0,0,0,0,6,4.2,1.2,0.0,0.5,55,-300,15391,2564,2864
494,29,18,0,False,2022-08-20T11:30:00Z,1,0,3,0,0,0,0,0,0,0,0,0,0,0,0,0,0.0,0.0,0.0,0.0,40,-4552,79135,3106,7658
495,22,2,0,True,2022-08-20T14:00:00Z,3,1,3,0,0,0,0,0,0,0,0,0,0,0,0,0,0.0,0.0,0.0,0.0,40,-276,3887,0,276
496,22,2,0,True,2022-08-20T14:00:00Z,3,1,3,0,0,0,0,0,0,0,0,0,0,0,0,0,0.0,0.0,0.0,0.0,45,-7804,126295,8529,16333
497,27,14,0,False,2022-08-22T19:00:00Z,2,1,3,0,0,0,0,0,0,0,0,0,0,0,0,0,0.0,0.0,0.0,0.0,40,-1784,73067,4253,6037
498,27,14,0,False,2022-08-22T19:00:00Z,2,1,3,0,0,0,0,0,0,0,0,0,0,0,0,0,0.0,0.0,0.0,0.0,40,-129,903,0,129
499,27,14,0,False,2022-08-22T19:00:00Z,2,1,3,0,0,0,0,0,0,0,0,0,0,0,0,0,0.0,0.0,0.0,0.0,40,-99,686,0,99
500,27,14,0,False,2022-08-22T19:00:00Z,2,1,3,0,0,0,0,0,0,0,0,0,0,0,0,0,0.0,0.0,0.0,0.0,40,-45,29008,3545,3590
501,27,14,0,False,2022-08-22T19:00:00Z,2,1,3,0,0,0,0,0,0,0,0,0,0,0,0,0,0.0,0.0,0.0,0.0,40,11808,43288,18654,6846
502,28,15,0,False,2022-08-21T15:30:00Z,3,3,3,0,0,0,0,0,0,0,0,0,0,0,0,0,0.0,0.0,0.0,0.0,40,-1036,13133,379,1415
503,29,18,1,False,2022-08-20T11:30:00Z,1,0,3,57,0,0,0,0,0,0,0,0,0,0,0,13,10.8,51.8,0.0,6.3,49,-43339,67449,298,43637
504,27,12,2,True,2022-08-22T19:00:00Z,2,1,3,90,0,0,0,1,0,0,0,0,0,0,0,9,14.6,4.8,0.0,1.9,44,-30067,159453,5897,35964
505,21,1,0,True,2022-08-20T16:30:00Z,0,3,3,0,0,0,0,0,0,0,0,0,0,0,0,0,0.0,0.0,0.0,0.0,50,-124,542,18,142
506,25,6,3,True,2022-08-21T13:00:00Z,3,0,3,90,0,0,1,0,0,0,0,0,0,0,0,12,22.8,22.3,8.0,5.3,50,-139,16968,2935,3074
507,23,8,0,False,2022-08-20T14:00:00Z,1,1,3,0,0,0,0,0,0,0,0,0,0,0,0,0,0.0,0.0,0.0,0.0,45,-1574,12630,1140,2714
508,25,6,1,True,2022-08-21T13:00:00Z,3,0,3,20,0,0,0,0,0,0,0,0,0,0,0,0,1.6,0.8,0.0,0.2,65,-1045,14605,1241,2286
509,30,5,0,True,2022-08-21T13:00:00Z,0,2,3,0,0,0,0,0,0,0,0,0,0,0,0,0,0.0,0.0,0.0,0.0,45,-2352,34814,3053,5405
510,24,9,0,False,2022-08-20T14:00:00Z,3,2,3,59,0,0,0,2,0,0,0,0,0,0,0,3,2.0,0.3,0.0,0.2,50,7965,42584,11646,3681
511,23,8,0,False,2022-08-20T14:00:00Z,1,1,3,0,0,0,0,0,0,0,0,0,0,0,0,0,0.0,0.0,0.0,0.0,45,-95,790,53,148
512,26,10,1,False,2022-08-20T14:00:00Z,1,2,3,87,0,0,0,1,0,0,0,1,0,0,0,5,8.0,1.9,8.0,1.8,55,14442,75000,20878,6436
513,29,20,0,True,2022-08-20T11:30:00Z,1,0,3,0,0,0,0,0,0,0,0,0,0,0,0,0,0.0,0.0,0.0,0.0,49,-10304,27701,919,11223
514,22,2,2,True,2022-08-20T14:00:00Z,3,1,3,90,0,0,0,1,0,0,0,0,0,0,0,10,2.4,2.3,1.0,0.6,50,670,14204,2754,2084
515,24,9,1,False,2022-08-20T14:00:00Z,3,2,3,30,0,0,0,1,0,0,0,0,0,0,0,4,3.2,10.2,24.0,3.7,54,-1826,8677,337,2163
516,29,18,1,False,2022-08-20T11:30:00Z,1,0,3,90,0,0,0,1,0,0,0,1,0,0,0,8,14.0,1.7,2.0,1.8,45,7068,40486,10723,3655
517,24,9,0,False,2022-08-20T14:00:00Z,3,2,3,0,0,0,0,0,0,0,0,0,0,0,0,0,0.0,0.0,0.0,0.0,45,-1849,19305,496,2345
518,23,8,0,False,2022-08-20T14:00:00Z,1,1,3,0,0,0,0,0,0,0,0,0,0,0,0,0,0.0,0.0,0.0,0.0,40,-8101,206645,4817,12918
519,27,12,2,True,2022-08-22T19:00:00Z,2,1,3,85,0,0,0,1,0,0,0,0,0,0,0,9,5.2,1.2,11.0,1.7,64,-113910,325424,14690,128600
520,25,11,-2,False,2022-08-21T13:00:00Z,3,0,3,83,0,0,0,3,0,0,0,0,1,0,0,2,20.0,1.3,19.0,4.0,56,194788,1290657,263469,68681
521,24,4,0,True,2022-08-20T14:00:00Z,3,2,3,0,0,0,0,0,0,0,0,0,0,0,0,0,0.0,0.0,0.0,0.0,45,26,3191,494,468
522,29,20,0,True,2022-08-20T11:30:00Z,1,0,3,0,0,0,0,0,0,0,0,0,0,0,0,0,0.0,0.0,0.0,0.0,44,-8132,43077,1322,9454
523,23,8,2,False,2022-08-20T14:00:00Z,1,1,3,90,0,0,0,1,0,0,0,0,0,0,0,15,15.2,16.1,8.0,3.9,45,4351,14991,5562,1211
524,23,8,2,False,2022-08-20T14:00:00Z,1,1,3,90,0,0,0,1,0,0,0,0,0,0,0,4,2.4,11.4,4.0,1.8,50,831,6212,1602,771
525,22,7,0,False,2022-08-20T14:00:00Z,3,1,3,0,0,0,0,0,0,0,0,0,0,0,0,0,0.0,0.0,0.0,0.0,45,-790,6620,300,1090
526,24,9,0,False,2022-08-20T14:00:00Z,3,2,3,90,0,0,0,3,0,0,0,1,0,0,0,7,7.6,1.0,13.0,2.2,46,255395,366260,291643,36248
527,23,8,3,False,2022-08-20T14:00:00Z,1,1,3,83,0,0,1,0,0,0,0,0,0,0,0,9,3.2,18.0,0.0,2.1,60,1855,464906,58145,56290
528,26,10,1,False,2022-08-20T14:00:00Z,1,2,3,58,0,0,0,1,0,0,0,0,0,0,0,1,2.2,0.8,6.0,0.9,55,2803,12621,4522,1719
529,30,5,1,True,2022-08-21T13:00:00Z,0,2,3,28,0,0,0,1,0,0,0,0,0,0,0,4,2.4,10.5,2.0,1.5,70,-12751,86332,10425,23176
530,22,2,1,True,2022-08-20T14:00:00Z,3,1,3,1,0,0,0,0,0,0,0,0,0,0,0,3,0.6,0.8,0.0,0.1,45,-425,6059,200,625
531,23,16,0,True,2022-08-20T14:00:00Z,1,1,3,0,0,0,0,0,0,0,0,0,0,0,0,0,0.0,0.0,0.0,0.0,45,-673,5910,149,822
532,24,4,3,True,2022-08-20T14:00:00Z,3,2,3,13,0,1,0,0,0,0,0,1,0,0,0,18,25.0,32.3,0.0,5.7,45,-1575,16957,781,2356
533,27,12,2,True,2022-08-22T19:00:00Z,2,1,3,90,0,0,0,1,0,0,0,0,0,0,0,13,29.0,0.3,0.0,2.9,44,-80180,208168,5888,86068
534,23,16,1,True,2022-08-20T14:00:00Z,1,1,3,33,0,0,0,1,0,0,0,0,0,0,0,4,0.6,2.9,20.0,2.4,55,-5419,29498,2318,7737
535,21,1,2,True,2022-08-20T16:30:00Z,0,3,3,90,0,0,0,3,0,0,0,0,0,0,0,7,0.0,17.3,7.0,2.4,50,-343,11197,1832,2175
536,23,8,1,False,2022-08-20T14:00:00Z,1,1,3,54,0,0,0,0,0,0,0,0,0,0,0,12,11.6,12.1,7.0,3.1,50,373,4491,955,582
537,22,7,0,False,2022-08-20T14:00:00Z,3,1,3,0,0,0,0,0,0,0,0,0,0,0,0,0,0.0,0.0,0.0,0.0,40,-3712,9711,0,3712
538,22,7,0,False,2022-08-20T14:00:00Z,3,1,3,0,0,0,0,0,0,0,0,0,0,0,0,0,0.0,0.0,0.0,0.0,45,-1321,12602,930,2251
539,21,1,0,True,2022-08-20T16:30:00Z,0,3,3,0,0,0,0,0,0,0,0,0,0,0,0,0,0.0,0.0,0.0,0.0,45,-390,3186,94,484
540,24,9,0,False,2022-08-20T14:00:00Z,3,2,3,0,0,0,0,0,0,0,0,0,0,0,0,0,0.0,0.0,0.0,0.0,40,778,28840,4165,3387
541,24,9,0,False,2022-08-20T14:00:00Z,3,2,3,0,0,0,0,0,0,0,0,0,0,0,0,0,0.0,0.0,0.0,0.0,45,88667,280598,138804,50137
542,30,19,0,False,2022-08-21T13:00:00Z,0,2,3,0,0,0,0,0,0,0,0,0,0,0,0,0,0.0,0.0,0.0,0.0,40,-968,9670,539,1507
543,30,19,0,False,2022-08-21T13:00:00Z,0,2,3,0,0,0,0,0,0,0,0,0,0,0,0,0,0.0,0.0,0.0,0.0,40,484,27536,3944,3460
544,30,19,0,False,2022-08-21T13:00:00Z,0,2,3,0,0,0,0,0,0,0,0,0,0,0,0,0,0.0,0.0,0.0,0.0,40,1400,29179,4900,3500
545,25,11,0,False,2022-08-21T13:00:00Z,3,0,3,0,0,0,0,0,0,0,0,0,0,0,0,0,0.0,0.0,0.0,0.0,40,-960,44500,5904,6864
546,24,4,0,True,2022-08-20T14:00:00Z,3,2,3,0,0,0,0,0,0,0,0,0,0,0,0,0,0.0,0.0,0.0,0.0,45,-85,4877,789,874
547,25,6,0,True,2022-08-21T13:00:00Z,3,0,3,0,0,0,0,0,0,0,0,0,0,0,0,0,0.0,0.0,0.0,0.0,40,-312,10783,959,1271
548,26,17,0,True,2022-08-20T14:00:00Z,1,2,3,0,0,0,0,0,0,0,0,0,0,0,0,0,0.0,0.0,0.0,0.0,40,-25816,225143,8993,34809
549,26,17,0,True,2022-08-20T14:00:00Z,1,2,3,0,0,0,0,0,0,0,0,0,0,0,0,0,0.0,0.0,0.0,0.0,50,-150,1915,151,301
550,27,12,0,True,2022-08-22T19:00:00Z,2,1,3,0,0,0,0,0,0,0,0,0,0,0,0,0,0.0,0.0,0.0,0.0,45,-1501,14024,1217,2718
551,27,12,0,True,2022-08-22T19:00:00Z,2,1,3,0,0,0,0,0,0,0,0,0,0,0,0,0,0.0,0.0,0.0,0.0,45,-2643,15801,1078,3721
552,28,13,0,True,2022-08-21T15:30:00Z,3,3,3,0,0,0,0,0,0,0,0,0,0,0,0,0,0.0,0.0,0.0,0.0,45,-358,17278,3053,3411
553,23,8,0,False,2022-08-20T14:00:00Z,1,1,3,0,0,0,0,0,0,0,0,0,0,0,0,0,0.0,0.0,0.0,0.0,45,-127,4254,516,643
554,29,20,0,True,2022-08-20T11:30:00Z,1,0,3,0,0,0,0,0,0,0,0,0,0,0,0,0,0.0,0.0,0.0,0.0,50,-159,2548,287,446
555,30,5,0,True,2022-08-21T13:00:00Z,0,2,3,0,0,0,0,0,0,0,0,0,0,0,0,0,0.0,0.0,0.0,0.0,40,1676,32510,5875,4199
556,30,5,0,True,2022-08-21T13:00:00Z,0,2,3,0,0,0,0,0,0,0,0,0,0,0,0,0,0.0,0.0,0.0,0.0,45,-746,13250,1448,2194
557,29,18,0,False,2022-08-20T11:30:00Z,1,0,3,0,0,0,0,0,0,0,0,0,0,0,0,0,0.0,0.0,0.0,0.0,40,3033,77767,7778,4745
558,29,18,0,False,2022-08-20T11:30:00Z,1,0,3,0,0,0,0,0,0,0,0,0,0,0,0,0,0.0,0.0,0.0,0.0,40,3591,73551,11722,8131
559,30,19,0,False,2022-08-21T13:00:00Z,0,2,3,0,0,0,0,0,0,0,0,0,0,0,0,0,0.0,0.0,0.0,0.0,45,-486,6154,610,1096
560,23,16,0,True,2022-08-20T14:00:00Z,1,1,3,0,0,0,0,0,0,0,0,0,0,0,0,0,0.0,0.0,0.0,0.0,45,127,1922,559,432
561,23,16,0,True,2022-08-20T14:00:00Z,1,1,3,0,0,0,0,0,0,0,0,0,0,0,0,0,0.0,0.0,0.0,0.0,45,2735,12080,5551,2816
562,24,4,0,True,2022-08-20T14:00:00Z,3,2,3,0,0,0,0,0,0,0,0,0,0,0,0,0,0.0,0.0,0.0,0.0,50,-451,744,52,503
563,27,14,0,False,2022-08-22T19:00:00Z,2,1,3,0,0,0,0,0,0,0,0,0,0,0,0,0,0.0,0.0,0.0,0.0,40,322,4348,889,567
564,27,14,0,False,2022-08-22T19:00:00Z,2,1,3,0,0,0,0,0,0,0,0,0,0,0,0,0,0.0,0.0,0.0,0.0,45,103,663,223,120
565,25,6,0,True,2022-08-21T13:00:00Z,3,0,3,0,0,0,0,0,0,0,0,0,0,0,0,0,0.0,0.0,0.0,0.0,45,731,5270,1914,1183
566,29,18,0,False,2022-08-20T11:30:00Z,1,0,3,0,0,0,0,0,0,0,0,0,0,0,0,0,0.0,0.0,0.0,0.0,45,456,3449,1297,841
567,29,18,0,False,2022-08-20T11:30:00Z,1,0,3,0,0,0,0,0,0,0,0,0,0,0,0,0,0.0,0.0,0.0,0.0,45,1212,7972,3057,1845
568,29,18,0,False,2022-08-20T11:30:00Z,1,0,3,0,0,0,0,0,0,0,0,0,0,0,0,0,0.0,0.0,0.0,0.0,45,4216,26382,10584,6368
569,27,12,0,True,2022-08-22T19:00:00Z,2,1,3,0,0,0,0,0,0,0,0,0,0,0,0,0,0.0,0.0,0.0,0.0,45,1818,12952,4919,3101
570,27,12,0,True,2022-08-22T19:00:00Z,2,1,3,0,0,0,0,0,0,0,0,0,0,0,0,0,0.0,0.0,0.0,0.0,45,509,1960,935,426
571,30,5,0,True,2022-08-21T13:00:00Z,0,2,3,0,0,0,0,0,0,0,0,0,0,0,0,0,0.0,0.0,0.0,0.0,40,1765,11553,2814,1049
572,30,5,0,True,2022-08-21T13:00:00Z,0,2,3,0,0,0,0,0,0,0,0,0,0,0,0,0,0.0,0.0,0.0,0.0,45,657,4739,1813,1156
573,28,15,0,False,2022-08-21T15:30:00Z,3,3,3,0,0,0,0,0,0,0,0,0,0,0,0,0,0.0,0.0,0.0,0.0,40,1999,5877,3483,1484
574,21,1,0,True,2022-08-20T16:30:00Z,0,3,3,0,0,0,0,0,0,0,0,0,0,0,0,0,0.0,0.0,0.0,0.0,45,171,5637,994,823
575,30,5,1,True,2022-08-21T13:00:00Z,0,2,3,15,0,0,0,0,0,0,0,0,0,0,0,1,0.0,2.5,0.0,0.2,60,2938,9056,5225,2287
576,21,1,0,True,2022-08-20T16:30:00Z,0,3,3,45,0,0,0,2,0,0,0,0,0,0,0,3,7.2,0.1,0.0,0.7,45,149,1635,352,203
577,23,16,0,True,2022-08-20T14:00:00Z,1,1,3,33,0,0,0,1,0,0,0,1,0,0,0,0,0.0,0.6,1.0,0.1,50,18821,24121,22731,3910
578,25,6,0,True,2022-08-21T13:00:00Z,3,0,3,0,0,0,0,0,0,0,0,0,0,0,0,0,0.0,0.0,0.0,0.0,40,570,2597,802,232
579,29,18,2,False,2022-08-20T11:30:00Z,1,0,3,80,0,0,0,1,0,0,0,0,0,0,0,6,5.4,36.9,41.0,8.3,60,3524,12696,6853,3329
580,24,9,0,False,2022-08-20T14:00:00Z,3,2,3,0,0,0,0,0,0,0,0,0,0,0,0,0,0.0,0.0,0.0,0.0,55,7164,14127,10284,3120
581,26,17,0,True,2022-08-20T14:00:00Z,1,2,3,0,0,0,0,0,0,0,0,0,0,0,0,0,0.0,0.0,0.0,0.0,40,1260,2125,1815,555
582,23,8,0,False,2022-08-20T14:00:00Z,1,1,3,0,0,0,0,0,0,0,0,0,0,0,0,0,0.0,0.0,0.0,0.0,50,619,961,753,134
583,23,8,1,False,2022-08-20T14:00:00Z,1,1,3,6,0,0,0,1,0,0,0,0,0,0,0,3,3.4,0.8,0.0,0.4,45,2836,4074,3557,721
584,27,14,0,False,2022-08-22T19:00:00Z,2,1,3,0,0,0,0,0,0,0,0,0,0,0,0,0,0.0,0.0,0.0,0.0,45,80,238,110,30
585,23,8,0,False,2022-08-20T14:00:00Z,1,1,3,0,0,0,0,0,0,0,0,0,0,0,0,0,0.0,0.0,0.0,0.0,60,10913,13744,13758,2845
586,30,19,1,False,2022-08-21T13:00:00Z,0,2,3,27,0,0,0,0,0,0,0,0,0,0,0,6,9.0,24.6,4.0,3.8,45,2064,2673,2706,642
587,28,15,0,False,2022-08-21T15:30:00Z,3,3,3,0,0,0,0,0,0,0,0,0,0,0,0,0,0.0,0.0,0.0,0.0,45,1133,1658,1546,413
588,30,5,0,True,2022-08-21T13:00:00Z,0,2,3,90,0,0,0,2,0,0,0,1,0,0,0,8,6.2,0.8,0.0,0.7,45,806,1271,941,135
589,29,18,2,False,2022-08-20T11:30:00Z,1,0,3,90,0,0,0,1,0,0,0,0,0,0,0,12,6.2,14.9,34.0,5.5,50,5842,6801,6482,640
590,22,2,0,True,2022-08-20T14:00:00Z,3,1,3,0,0,0,0,0,0,0,0,0,0,0,0,0,0.0,0.0,0.0,0.0,40,0,0,0,0
591,24,4,0,True,2022-08-20T14:00:00Z,3,2,3,0,0,0,0,0,0,0,0,0,0,0,0,0,0.0,0.0,0.0,0.0,45,0,0,0,0
592,27,14,0,False,2022-08-22T19:00:00Z,2,1,3,0,0,0,0,0,0,0,0,0,0,0,0,0,0.0,0.0,0.0,0.0,40,0,0,0,0
